Timestamp,Longitude,Latitude,NetworkTech,NetworkMode,Level,Qual,SNR,CQI,LTERSSI,DL_bitrate,UL_bitrate,Altitude,Height,State,EVENT,Eid
"
2022.09.09_17.15.19",7.109885,43.571607,4G,LTE,-94.0,-12.0,0.0,8.0,-77,0.0,0.0,201.0,201.0,I,LOG START,4Pz9s
"
2022.09.09_17.15.20",7.109885,43.571607,4G,LTE,-95.0,-12.0,-1.0,8.0,-77,0.0,0.0,201.0,201.0,I,PERIODIC,4Pz9s
"
2022.09.09_17.15.21",7.109885,43.571607,4G,LTE,-95.0,-12.0,-1.0,10.0,-79,0.0,0.0,201.0,201.0,I,PERIODIC,4Pz9s
"
2022.09.09_17.15.22",7.109885,43.571607,4G,LTE,-96.0,-10.0,2.0,10.0,-79,18.0,3.0,201.0,201.0,D,PERIODIC,4Pz9s
"
2022.09.09_17.15.23",7.109885,43.571607,4G,LTE,-96.0,-10.0,2.0,6.0,-77,0.0,0.0,201.0,201.0,I,PERIODIC,4Pz9s
"
2022.09.09_17.15.24",7.109885,43.571607,4G,LTE,-93.0,-10.0,1.0,6.0,-77,0.0,0.0,201.0,201.0,I,PERIODIC,4Pz9s
"
2022.09.09_17.15.25",7.109885,43.571607,4G,LTE,-93.0,-10.0,1.0,6.0,-77,0.0,0.0,201.0,201.0,I,PERIODIC,4Pz9s
"
2022.09.09_17.15.26",7.109885,43.571607,4G,LTE,-96.0,-11.0,2.0,6.0,-77,0.0,0.0,201.0,201.0,I,PERIODIC,4Pz9s
"
2022.09.09_17.15.27",7.109885,43.571607,4G,LTE,-96.0,-11.0,2.0,5.0,-77,18.0,3.0,201.0,201.0,D,PERIODIC,4Pz9s
"
2022.09.09_17.15.28",7.109885,43.571607,4G,LTE,-93.0,-11.0,1.0,9.0,-77,0.0,0.0,201.0,201.0,I,PERIODIC,4Pz9s
"
2022.09.09_17.15.29",7.109885,43.571607,4G,LTE,-93.0,-11.0,1.0,7.0,-,0.0,0.0,201.0,201.0,I,PERIODIC,4Pz9s
"
2022.09.09_17.15.30",7.109885,43.571607,4G,LTE,-90.0,-11.0,0.0,7.0,-,0.0,0.0,201.0,201.0,I,PERIODIC,4Pz9s
"
2022.09.09_17.15.31",7.109885,43.571607,4G,LTE,-90.0,-11.0,0.0,7.0,-,0.0,0.0,201.0,201.0,I,PERIODIC,4Pz9s
"
2022.09.09_17.15.32",7.109885,43.571607,4G,LTE,-90.0,-10.0,1.0,7.0,-,18.0,3.0,201.0,201.0,D,PERIODIC,4Pz9s
"
2022.09.09_17.15.33",7.109885,43.571607,4G,LTE,-90.0,-10.0,1.0,7.0,-,0.0,0.0,201.0,201.0,I,PERIODIC,4Pz9s
"
2022.09.09_17.15.34",7.109885,43.571607,4G,LTE,-91.0,-10.0,2.0,5.0,-,0.0,0.0,201.0,201.0,I,PERIODIC,4Pz9s
"
2022.09.09_17.15.35",7.109885,43.571607,4G,LTE,-91.0,-10.0,2.0,5.0,-,0.0,0.0,201.0,201.0,I,PERIODIC,4Pz9s
"
2022.09.09_17.15.36",7.109885,43.571607,4G,LTE,-91.0,-10.0,2.0,11.0,-75,0.0,0.0,201.0,201.0,I,PERIODIC,4Pz9s
"
2022.09.09_17.15.37",7.109885,43.571607,4G,LTE,-91.0,-10.0,2.0,11.0,-75,18.0,3.0,201.0,201.0,D,PERIODIC,4Pz9s
"
2022.09.09_17.15.38",7.109885,43.571607,4G,LTE,-92.0,-10.0,3.0,11.0,-75,0.0,0.0,201.0,201.0,I,PERIODIC,4Pz9s
"
2022.09.09_17.15.39",7.109885,43.571607,4G,LTE,-92.0,-10.0,3.0,11.0,-75,11.0,11.0,201.0,201.0,D,PERIODIC,4Pz9s
"
2022.09.09_17.15.40",7.109885,43.571607,4G,LTE,-91.0,-11.0,1.0,11.0,-75,21.0,36.0,201.0,201.0,D,PERIODIC,4Pz9s
"
2022.09.09_17.15.41",7.109885,43.571607,4G,LTE,-91.0,-11.0,1.0,11.0,-75,0.0,0.0,201.0,201.0,D,PERIODIC,4Pz9s
"
2022.09.09_17.15.42",7.109885,43.571607,4G,LTE,-92.0,-11.0,1.0,11.0,-75,22.0,15.0,201.0,201.0,D,PERIODIC,4Pz9s
"
2022.09.09_17.15.43",7.109885,43.571607,4G,LTE,-92.0,-11.0,1.0,7.0,-,46.0,19.0,201.0,201.0,D,PERIODIC,4Pz9s
"
2022.09.09_17.15.44",7.109885,43.571607,4G,LTE,-91.0,-11.0,1.0,4.0,-75,4.0,21.0,201.0,201.0,D,PERIODIC,4Pz9s
"
2022.09.09_17.15.45",7.109885,43.571607,4G,LTE,-91.0,-11.0,1.0,4.0,-75,194.0,40.0,201.0,201.0,D,PERIODIC,4Pz9s
"
2022.09.09_17.15.46",7.109885,43.571607,4G,LTE,-91.0,-11.0,2.0,4.0,-,0.0,0.0,201.0,201.0,D,PERIODIC,4Pz9s
"
2022.09.09_17.15.48",7.109885,43.571607,4G,LTE,-91.0,-11.0,2.0,4.0,-,20.0,3.0,201.0,201.0,D,PERIODIC,4Pz9s
"
2022.09.09_17.15.49",7.109885,43.571607,4G,LTE,-93.0,-12.0,-2.0,4.0,-,0.0,0.0,201.0,201.0,I,PERIODIC,4Pz9s
"
2022.09.09_17.15.50",7.109885,43.571607,4G,LTE,-93.0,-12.0,-2.0,4.0,-,0.0,0.0,201.0,201.0,I,PERIODIC,4Pz9s
"
2022.09.09_17.15.51",7.109885,43.571607,4G,LTE,-92.0,-14.0,3.0,4.0,-,10.0,3.0,201.0,201.0,D,PERIODIC,4Pz9s
"
2022.09.09_17.15.52",7.109885,43.571607,4G,LTE,-92.0,-14.0,3.0,4.0,-,0.0,0.0,201.0,201.0,D,PERIODIC,4Pz9s
"
2022.09.09_17.15.53",7.109885,43.571607,4G,LTE,-93.0,-12.0,2.0,4.0,-,20.0,3.0,201.0,201.0,D,PERIODIC,4Pz9s
"
2022.09.09_17.15.54",7.109885,43.571607,4G,LTE,-93.0,-12.0,2.0,4.0,-,0.0,0.0,201.0,201.0,I,PERIODIC,4Pz9s
"
2022.09.09_17.15.55",7.109885,43.571607,4G,LTE,-91.0,-13.0,2.0,7.0,-77,0.0,0.0,201.0,201.0,I,PERIODIC,4Pz9s
"
2022.09.09_17.15.56",7.109885,43.571607,4G,LTE,-91.0,-13.0,2.0,7.0,-77,0.0,0.0,201.0,201.0,I,PERIODIC,4Pz9s
"
2022.09.09_17.15.57",7.109885,43.571607,4G,LTE,-93.0,-12.0,5.0,7.0,-77,0.0,0.0,201.0,201.0,D,PERIODIC,4Pz9s
"
2022.09.09_17.15.58",7.109885,43.571607,4G,LTE,-93.0,-12.0,5.0,9.0,-75,18.0,2.0,201.0,201.0,D,PERIODIC,4Pz9s
"
2022.09.09_17.15.59",7.109885,43.571607,4G,LTE,-93.0,-12.0,-1.0,9.0,-75,0.0,0.0,201.0,201.0,I,PERIODIC,4Pz9s
"
2022.09.09_17.16.00",7.109885,43.571607,4G,LTE,-93.0,-12.0,-1.0,9.0,-75,0.0,0.0,201.0,201.0,I,PERIODIC,4Pz9s
"
2022.09.09_17.16.01",7.109885,43.571607,4G,LTE,-91.0,-12.0,1.0,9.0,-75,0.0,0.0,201.0,201.0,I,PERIODIC,4Pz9s
"
2022.09.09_17.16.02",7.109885,43.571607,4G,LTE,-91.0,-12.0,1.0,9.0,-75,0.0,1.0,201.0,201.0,D,PERIODIC,4Pz9s
"
2022.09.09_17.16.03",7.109885,43.571607,4G,LTE,-92.0,-14.0,1.0,6.0,-75,18.0,1.0,201.0,201.0,D,PERIODIC,4Pz9s
"
2022.09.09_17.16.04",7.109885,43.571607,4G,LTE,-92.0,-14.0,1.0,6.0,-75,0.0,0.0,201.0,201.0,I,PERIODIC,4Pz9s
"
2022.09.09_17.16.05",7.109885,43.571607,4G,LTE,-91.0,-14.0,2.0,6.0,-75,0.0,0.0,201.0,201.0,I,PERIODIC,4Pz9s
"
2022.09.09_17.16.06",7.109885,43.571607,4G,LTE,-91.0,-14.0,2.0,6.0,-,0.0,0.0,201.0,201.0,I,PERIODIC,4Pz9s
"
2022.09.09_17.16.07",7.109885,43.571607,4G,LTE,-91.0,-12.0,-3.0,6.0,-,0.0,1.0,201.0,201.0,D,PERIODIC,4Pz9s
"
2022.09.09_17.16.08",7.109885,43.571607,4G,LTE,-91.0,-12.0,-3.0,6.0,-,18.0,1.0,201.0,201.0,D,PERIODIC,4Pz9s
"
2022.09.09_17.16.09",7.109885,43.571607,4G,LTE,-92.0,-14.0,2.0,6.0,-,0.0,0.0,201.0,201.0,I,PERIODIC,4Pz9s
"
2022.09.09_17.16.10",7.109885,43.571607,4G,LTE,-92.0,-14.0,2.0,6.0,-,0.0,0.0,201.0,201.0,I,PERIODIC,4Pz9s
"
2022.09.09_17.16.11",7.109885,43.571607,4G,LTE,-92.0,-14.0,0.0,6.0,-,0.0,0.0,201.0,201.0,I,PERIODIC,4Pz9s
"
2022.09.09_17.16.12",7.109885,43.571607,4G,LTE,-92.0,-14.0,0.0,6.0,-,18.0,2.0,201.0,201.0,D,PERIODIC,4Pz9s
"
2022.09.09_17.16.13",7.109885,43.571607,4G,LTE,-92.0,-14.0,0.0,5.0,-77,0.0,0.0,201.0,201.0,D,PERIODIC,4Pz9s
"
2022.09.09_17.16.14",7.109885,43.571607,4G,LTE,-93.0,-13.0,0.0,10.0,-75,0.0,0.0,201.0,201.0,I,PERIODIC,4Pz9s
"
2022.09.09_17.16.15",7.109885,43.571607,4G,LTE,-93.0,-13.0,0.0,10.0,-75,0.0,0.0,201.0,201.0,I,PERIODIC,4Pz9s
"
2022.09.09_17.16.16",7.109885,43.571607,4G,LTE,-93.0,-13.0,-2.0,10.0,-75,2.0,2.0,201.0,201.0,D,PERIODIC,4Pz9s
"
2022.09.09_17.16.17",7.109885,43.571607,4G,LTE,-93.0,-13.0,-2.0,10.0,-75,18.0,3.0,201.0,201.0,D,PERIODIC,4Pz9s
"
2022.09.09_17.16.18",7.109885,43.571607,4G,LTE,-93.0,-15.0,-6.0,10.0,-75,0.0,1.0,201.0,201.0,D,PERIODIC,4Pz9s
"
2022.09.09_17.16.19",7.109885,43.571607,4G,LTE,-93.0,-15.0,-6.0,4.0,-73,8.0,28.0,201.0,201.0,D,PERIODIC,4Pz9s
"
2022.09.09_17.16.20",7.109885,43.571607,4G,LTE,-90.0,-12.0,-6.0,9.0,-75,224.0,51.0,201.0,201.0,D,PERIODIC,4Pz9s
"
2022.09.09_17.16.21",7.109885,43.571607,4G,LTE,-90.0,-12.0,-6.0,9.0,-75,1159.0,321.0,201.0,201.0,D,PERIODIC,4Pz9s
"
2022.09.09_17.16.22",7.109885,43.571607,4G,LTE,-92.0,-12.0,-4.0,7.0,-80,3570.0,503.0,201.0,201.0,D,PERIODIC,4Pz9s
"
2022.09.09_17.16.23",7.109885,43.571607,4G,LTE,-92.0,-12.0,-4.0,7.0,-80,16084.0,271.0,201.0,201.0,D,PERIODIC,4Pz9s
"
2022.09.09_17.16.24",7.109885,43.571607,4G,LTE,-97.0,-12.0,-1.0,7.0,-77,5157.0,345.0,201.0,201.0,D,PERIODIC,4Pz9s
"
2022.09.09_17.16.25",7.109885,43.571607,4G,LTE,-97.0,-12.0,-1.0,7.0,-77,7.0,10.0,201.0,201.0,D,PERIODIC,4Pz9s
"
2022.09.09_17.16.26",7.109885,43.571607,4G,LTE,-97.0,-12.0,-1.0,7.0,-77,40.0,78.0,201.0,201.0,D,PERIODIC,4Pz9s
"
2022.09.09_17.16.27",7.109885,43.571607,4G,LTE,-93.0,-12.0,0.0,8.0,-75,48.0,28.0,201.0,201.0,D,PERIODIC,4Pz9s
"
2022.09.09_17.16.28",7.109885,43.571607,4G,LTE,-93.0,-12.0,0.0,7.0,-77,77.0,162.0,201.0,201.0,D,PERIODIC,4Pz9s
"
2022.09.09_17.16.29",7.109885,43.571607,4G,LTE,-94.0,-12.0,-3.0,7.0,-77,4576.0,69.0,201.0,201.0,D,PERIODIC,4Pz9s
"
2022.09.09_17.16.30",7.109885,43.571607,4G,LTE,-94.0,-12.0,-3.0,6.0,-86,2400.0,41.0,201.0,201.0,D,PERIODIC,4Pz9s
"
2022.09.09_17.16.32",7.109885,43.571607,4G,LTE,-103.0,-9.0,-4.0,6.0,-86,25844.0,228.0,201.0,201.0,D,PERIODIC,4Pz9s
"
2022.09.09_17.16.32",7.109885,43.571607,4G,LTE,-103.0,-9.0,-4.0,10.0,-78,235.0,45.0,201.0,201.0,D,PERIODIC,4Pz9s
"
2022.09.09_17.16.33",7.109885,43.571607,4G,LTE,-95.0,-11.0,-1.0,9.0,-84,7.0,11.0,201.0,201.0,D,PERIODIC,4Pz9s
"
2022.09.09_17.16.35",7.109885,43.571607,4G,LTE,-95.0,-11.0,-1.0,9.0,-84,7.0,10.0,201.0,201.0,D,PERIODIC,4Pz9s
"
2022.09.09_17.16.35",7.109885,43.571607,4G,LTE,-102.0,-10.0,-1.0,4.0,-77,7.0,10.0,201.0,201.0,D,PERIODIC,4Pz9s
"
2022.09.09_17.16.36",7.109885,43.571607,4G,LTE,-102.0,-10.0,-1.0,4.0,-77,7.0,10.0,201.0,201.0,D,PERIODIC,4Pz9s
"
2022.09.09_17.16.37",7.109885,43.571607,4G,LTE,-93.0,-10.0,2.0,4.0,-77,26.0,14.0,201.0,201.0,D,PERIODIC,4Pz9s
"
2022.09.09_17.16.38",7.109885,43.571607,4G,LTE,-93.0,-10.0,2.0,4.0,-77,3082.0,86.0,201.0,201.0,D,PERIODIC,4Pz9s
"
2022.09.09_17.16.39",7.109885,43.571607,4G,LTE,-93.0,-10.0,2.0,6.0,-86,2727.0,24.0,201.0,201.0,D,PERIODIC,4Pz9s
"
2022.09.09_17.16.40",7.109885,43.571607,4G,LTE,-102.0,-12.0,0.0,6.0,-86,9.0,12.0,201.0,201.0,D,PERIODIC,4Pz9s
"
2022.09.09_17.16.42",7.109885,43.571607,4G,LTE,-102.0,-12.0,0.0,6.0,-86,7.0,12.0,201.0,201.0,D,PERIODIC,4Pz9s
"
2022.09.09_17.16.42",7.109885,43.571607,4G,LTE,-102.0,-10.0,1.0,8.0,-,30.0,25.0,201.0,201.0,D,PERIODIC,4Pz9s
"
2022.09.09_17.16.44",7.109885,43.571607,4G,LTE,-102.0,-10.0,1.0,11.0,-77,20265.0,194.0,201.0,201.0,D,PERIODIC,4Pz9s
"
2022.09.09_17.16.45",7.109885,43.571607,4G,LTE,-94.0,-11.0,4.0,7.0,-,57185.0,194.0,201.0,201.0,D,PERIODIC,4Pz9s
"
2022.09.09_17.16.46",7.109885,43.571607,4G,LTE,-94.0,-11.0,4.0,7.0,-,42429.0,255.0,201.0,201.0,D,PERIODIC,4Pz9s
"
2022.09.09_17.16.47",7.109885,43.571607,4G,LTE,-92.0,-13.0,4.0,7.0,-,33503.0,350.0,201.0,201.0,D,PERIODIC,4Pz9s
"
2022.09.09_17.16.48",7.109885,43.571607,4G,LTE,-92.0,-13.0,4.0,7.0,-,37724.0,350.0,201.0,201.0,D,PERIODIC,4Pz9s
"
2022.09.09_17.16.49",7.109885,43.571607,4G,LTE,-93.0,-14.0,2.0,7.0,-,29320.0,365.0,201.0,201.0,D,PERIODIC,4Pz9s
"
2022.09.09_17.16.49",7.109885,43.571607,4G,LTE,-93.0,-14.0,2.0,7.0,-,37251.0,419.0,201.0,201.0,D,PERIODIC,4Pz9s
"
2022.09.09_17.16.51",7.109885,43.571607,4G,LTE,-93.0,-14.0,2.0,8.0,-77,32321.0,360.0,201.0,201.0,D,PERIODIC,4Pz9s
"
2022.09.09_17.16.51",7.109885,43.571607,4G,LTE,-94.0,-14.0,-1.0,9.0,-75,46627.0,429.0,201.0,201.0,D,PERIODIC,4Pz9s
"
2022.09.09_17.16.53",7.109885,43.571607,4G,LTE,-94.0,-14.0,-1.0,9.0,-75,36914.0,563.0,201.0,201.0,D,PERIODIC,4Pz9s
"
2022.09.09_17.16.54",7.109885,43.571607,4G,LTE,-93.0,-15.0,-2.0,9.0,-77,26199.0,464.0,201.0,201.0,D,PERIODIC,4Pz9s
"
2022.09.09_17.16.55",7.109885,43.571607,4G,LTE,-93.0,-15.0,-2.0,9.0,-77,25971.0,301.0,201.0,201.0,D,PERIODIC,4Pz9s
"
2022.09.09_17.16.56",7.109885,43.571607,4G,LTE,-93.0,-14.0,-2.0,9.0,-77,45331.0,286.0,201.0,201.0,D,PERIODIC,4Pz9s
"
2022.09.09_17.16.57",7.109885,43.571607,4G,LTE,-93.0,-14.0,-2.0,9.0,-77,40726.0,447.0,201.0,201.0,D,PERIODIC,4Pz9s
"
2022.09.09_17.16.58",7.109885,43.571607,4G,LTE,-93.0,-14.0,1.0,9.0,-77,45931.0,485.0,201.0,201.0,D,PERIODIC,4Pz9s
"
2022.09.09_17.16.59",7.109885,43.571607,4G,LTE,-93.0,-14.0,1.0,9.0,-77,34839.0,320.0,201.0,201.0,D,PERIODIC,4Pz9s
"
2022.09.09_17.17.00",7.109885,43.571607,4G,LTE,-95.0,-13.0,0.0,10.0,-75,46277.0,470.0,201.0,201.0,D,PERIODIC,4Pz9s
"
2022.09.09_17.17.01",7.109885,43.571607,4G,LTE,-95.0,-13.0,0.0,10.0,-75,38406.0,355.0,201.0,201.0,D,PERIODIC,4Pz9s
"
2022.09.09_17.17.02",7.109885,43.571607,4G,LTE,-93.0,-13.0,4.0,10.0,-75,36216.0,271.0,201.0,201.0,D,PERIODIC,4Pz9s
"
2022.09.09_17.17.03",7.109885,43.571607,4G,LTE,-93.0,-13.0,4.0,10.0,-75,28101.0,342.0,201.0,201.0,D,PERIODIC,4Pz9s
"
2022.09.09_17.17.04",7.109885,43.571607,4G,LTE,-93.0,-14.0,1.0,10.0,-75,48061.0,499.0,201.0,201.0,D,PERIODIC,4Pz9s
"
2022.09.09_17.17.05",7.109885,43.571607,4G,LTE,-93.0,-14.0,1.0,10.0,-75,41034.0,348.0,201.0,201.0,D,PERIODIC,4Pz9s
"
2022.09.09_17.17.06",7.109885,43.571607,4G,LTE,-94.0,-15.0,-1.0,8.0,-77,36902.0,353.0,201.0,201.0,D,PERIODIC,4Pz9s
"
2022.09.09_17.17.07",7.109885,43.571607,4G,LTE,-94.0,-15.0,-1.0,8.0,-77,34178.0,291.0,201.0,201.0,D,PERIODIC,4Pz9s
"
2022.09.09_17.17.08",7.109885,43.571607,4G,LTE,-94.0,-15.0,-1.0,8.0,-77,41196.0,452.0,201.0,201.0,D,PERIODIC,4Pz9s
"
2022.09.09_17.17.09",7.109885,43.571607,4G,LTE,-94.0,-13.0,0.0,8.0,-77,45404.0,346.0,201.0,201.0,D,PERIODIC,4Pz9s
"
2022.09.09_17.17.10",7.109885,43.571607,4G,LTE,-94.0,-13.0,0.0,8.0,-77,34480.0,369.0,201.0,201.0,D,PERIODIC,4Pz9s
"
2022.09.09_17.17.11",7.109885,43.571607,4G,LTE,-95.0,-15.0,-1.0,8.0,-77,45223.0,567.0,201.0,201.0,D,PERIODIC,4Pz9s
"
2022.09.09_17.17.12",7.109885,43.571607,4G,LTE,-95.0,-15.0,-1.0,8.0,-77,31329.0,373.0,201.0,201.0,D,PERIODIC,4Pz9s
"
2022.09.09_17.17.13",7.109885,43.571607,4G,LTE,-93.0,-14.0,0.0,8.0,-77,43917.0,423.0,201.0,201.0,D,PERIODIC,4Pz9s
"
2022.09.09_17.17.14",7.109885,43.571607,4G,LTE,-93.0,-14.0,0.0,10.0,-73,25817.0,240.0,201.0,201.0,D,PERIODIC,4Pz9s
"
2022.09.09_17.17.15",7.109885,43.571607,4G,LTE,-90.0,-13.0,2.0,10.0,-73,35521.0,233.0,201.0,201.0,D,PERIODIC,4Pz9s
"
2022.09.09_17.17.16",7.109885,43.571607,4G,LTE,-90.0,-13.0,2.0,10.0,-75,44690.0,419.0,201.0,201.0,D,PERIODIC,4Pz9s
"
2022.09.09_17.17.17",7.109885,43.571607,4G,LTE,-91.0,-9.0,2.0,10.0,-75,43948.0,350.0,201.0,201.0,D,PERIODIC,4Pz9s
"
2022.09.09_17.17.18",7.109885,43.571607,4G,LTE,-91.0,-9.0,2.0,7.0,-75,42974.0,355.0,201.0,201.0,D,PERIODIC,4Pz9s
"
2022.09.09_17.17.19",7.109885,43.571607,4G,LTE,-92.0,-12.0,1.0,7.0,-75,35315.0,213.0,201.0,201.0,D,PERIODIC,4Pz9s
"
2022.09.09_17.17.20",7.109885,43.571607,4G,LTE,-92.0,-12.0,1.0,7.0,-75,44245.0,446.0,201.0,201.0,D,PERIODIC,4Pz9s
"
2022.09.09_17.17.21",7.109885,43.571607,4G,LTE,-93.0,-12.0,0.0,7.0,-75,43186.0,365.0,201.0,201.0,D,PERIODIC,4Pz9s
"
2022.09.09_17.17.22",7.109885,43.571607,4G,LTE,-93.0,-12.0,0.0,7.0,-,32333.0,384.0,201.0,201.0,D,PERIODIC,4Pz9s
"
2022.09.09_17.17.23",7.109885,43.571607,4G,LTE,-96.0,-15.0,0.0,8.0,-79,47628.0,328.0,201.0,201.0,D,PERIODIC,4Pz9s
"
2022.09.09_17.17.24",7.109885,43.571607,4G,LTE,-96.0,-15.0,0.0,10.0,-,39153.0,284.0,201.0,201.0,D,PERIODIC,4Pz9s
"
2022.09.09_17.17.25",7.109885,43.571607,4G,LTE,-95.0,-13.0,3.0,10.0,-78,43330.0,523.0,201.0,201.0,D,PERIODIC,4Pz9s
"
2022.09.09_17.17.26",7.109885,43.571607,4G,LTE,-95.0,-13.0,3.0,10.0,-78,35429.0,234.0,201.0,201.0,D,PERIODIC,4Pz9s
"
2022.09.09_17.17.27",7.109885,43.571607,4G,LTE,-95.0,-13.0,4.0,9.0,-76,32937.0,436.0,201.0,201.0,D,PERIODIC,4Pz9s
"
2022.09.09_17.17.29",7.109885,43.571607,4G,LTE,-95.0,-13.0,4.0,9.0,-76,29344.0,324.0,201.0,201.0,D,PERIODIC,4Pz9s
"
2022.09.09_17.17.29",7.109885,43.571607,4G,LTE,-92.0,-15.0,0.0,9.0,-76,22849.0,337.0,201.0,201.0,D,PERIODIC,4Pz9s
"
2022.09.09_17.17.30",7.109885,43.571607,4G,LTE,-92.0,-15.0,0.0,7.0,-73,33624.0,371.0,201.0,201.0,D,PERIODIC,4Pz9s
"
2022.09.09_17.17.31",7.109885,43.571607,4G,LTE,-92.0,-15.0,0.0,11.0,-75,20512.0,227.0,201.0,201.0,D,PERIODIC,4Pz9s
"
2022.09.09_17.17.32",7.109885,43.571607,4G,LTE,-92.0,-15.0,0.0,11.0,-75,33336.0,374.0,201.0,201.0,D,PERIODIC,4Pz9s
"
2022.09.09_17.17.33",7.109885,43.571607,4G,LTE,-91.0,-12.0,0.0,11.0,-75,36554.0,356.0,201.0,201.0,D,PERIODIC,4Pz9s
"
2022.09.09_17.17.34",7.109885,43.571607,4G,LTE,-91.0,-12.0,0.0,9.0,-77,42997.0,364.0,201.0,201.0,D,PERIODIC,4Pz9s
"
2022.09.09_17.17.35",7.109885,43.571607,4G,LTE,-94.0,-16.0,-2.0,9.0,-77,33688.0,290.0,201.0,201.0,D,PERIODIC,4Pz9s
"
2022.09.09_17.17.36",7.109885,43.571607,4G,LTE,-94.0,-16.0,-2.0,7.0,-79,27960.0,417.0,201.0,201.0,D,PERIODIC,4Pz9s
"
2022.09.09_17.17.37",7.109885,43.571607,4G,LTE,-96.0,-17.0,-3.0,7.0,-79,18712.0,246.0,201.0,201.0,D,PERIODIC,4Pz9s
"
2022.09.09_17.17.38",7.109885,43.571607,4G,LTE,-96.0,-17.0,-3.0,7.0,-79,31152.0,299.0,201.0,201.0,D,PERIODIC,4Pz9s
"
2022.09.09_17.17.40",7.109885,43.571607,4G,LTE,-97.0,-18.0,-5.0,7.0,-79,30821.0,291.0,201.0,201.0,D,PERIODIC,4Pz9s
"
2022.09.09_17.17.40",7.109885,43.571607,4G,LTE,-97.0,-18.0,-5.0,8.0,-77,35304.0,444.0,201.0,201.0,D,PERIODIC,4Pz9s
"
2022.09.09_17.17.41",7.109885,43.571607,4G,LTE,-97.0,-18.0,-5.0,8.0,-77,40419.0,331.0,201.0,201.0,D,PERIODIC,4Pz9s
"
2022.09.09_17.17.42",7.109885,43.571607,4G,LTE,-94.0,-14.0,-4.0,8.0,-77,40642.0,388.0,201.0,201.0,D,PERIODIC,4Pz9s
"
2022.09.09_17.17.43",7.109885,43.571607,4G,LTE,-94.0,-14.0,-4.0,6.0,-79,33247.0,455.0,201.0,201.0,D,PERIODIC,4Pz9s
"
2022.09.09_17.17.44",7.109885,43.571607,4G,LTE,-96.0,-17.0,-4.0,6.0,-79,30645.0,225.0,201.0,201.0,D,PERIODIC,4Pz9s
"
2022.09.09_17.17.45",7.109885,43.571607,4G,LTE,-96.0,-17.0,-4.0,6.0,-79,31175.0,412.0,201.0,201.0,D,PERIODIC,4Pz9s
"
2022.09.09_17.17.47",7.109885,43.571607,4G,LTE,-96.0,-17.0,-3.0,6.0,-78,30256.0,266.0,201.0,201.0,D,PERIODIC,4Pz9s
"
2022.09.09_17.17.47",7.109885,43.571607,4G,LTE,-96.0,-17.0,-3.0,7.0,-80,31050.0,256.0,201.0,201.0,D,PERIODIC,4Pz9s
"
2022.09.09_17.17.48",7.109885,43.571607,4G,LTE,-97.0,-14.0,-3.0,7.0,-80,30119.0,215.0,201.0,201.0,D,HANDOVER_DATA_4G4G,4Pz9s
"
2022.09.09_17.17.49",7.109885,43.571607,4G,LTE,-97.0,-14.0,-3.0,7.0,-80,35942.0,287.0,201.0,201.0,D,PERIODIC,4Pz9s
"
2022.09.09_17.17.50",7.109885,43.571607,4G,LTE,-98.0,-14.0,1.0,7.0,-80,37840.0,287.0,201.0,201.0,D,PERIODIC,4Pz9s
"
2022.09.09_17.17.51",7.109885,43.571607,4G,LTE,-98.0,-14.0,1.0,7.0,-80,27559.0,236.0,201.0,201.0,D,PERIODIC,4Pz9s
"
2022.09.09_17.17.52",7.109885,43.571607,4G,LTE,-98.0,-13.0,-2.0,7.0,-80,50307.0,324.0,201.0,201.0,D,PERIODIC,4Pz9s
"
2022.09.09_17.17.54",7.109885,43.571607,4G,LTE,-98.0,-13.0,-2.0,7.0,-80,22946.0,266.0,201.0,201.0,D,PERIODIC,4Pz9s
"
2022.09.09_17.17.54",7.109885,43.571607,4G,LTE,-96.0,-13.0,4.0,7.0,-80,24006.0,272.0,201.0,201.0,D,PERIODIC,4Pz9s
"
2022.09.09_17.17.56",7.109885,43.571607,4G,LTE,-96.0,-13.0,4.0,7.0,-80,35824.0,314.0,201.0,201.0,D,PERIODIC,4Pz9s
"
2022.09.09_17.17.56",7.109885,43.571607,4G,LTE,-97.0,-13.0,4.0,7.0,-80,19663.0,291.0,201.0,201.0,D,PERIODIC,4Pz9s
"
2022.09.09_17.17.58",7.109885,43.571607,4G,LTE,-97.0,-13.0,4.0,7.0,-78,34677.0,358.0,201.0,201.0,D,PERIODIC,4Pz9s
"
2022.09.09_17.17.59",7.109885,43.571607,4G,LTE,-95.0,-13.0,5.0,7.0,-78,19316.0,204.0,201.0,201.0,D,PERIODIC,4Pz9s
"
2022.09.09_17.17.59",7.109885,43.571607,4G,LTE,-95.0,-13.0,5.0,7.0,-78,19175.0,201.0,201.0,201.0,D,PERIODIC,4Pz9s
"
2022.09.09_17.18.01",7.109885,43.571607,4G,LTE,-96.0,-13.0,4.0,11.0,-80,9418.0,155.0,201.0,201.0,D,PERIODIC,4Pz9s
"
2022.09.09_17.18.02",7.109885,43.571607,4G,LTE,-96.0,-13.0,4.0,11.0,-80,7817.0,128.0,201.0,201.0,D,PERIODIC,4Pz9s
"
2022.09.09_17.18.03",7.109885,43.571607,4G,LTE,-97.0,-14.0,5.0,9.0,-83,2837.0,79.0,201.0,201.0,D,PERIODIC,4Pz9s
"
2022.09.09_17.18.03",7.109885,43.571607,4G,LTE,-97.0,-14.0,5.0,9.0,-83,3443.0,133.0,201.0,201.0,D,PERIODIC,4Pz9s
"
2022.09.09_17.18.04",7.109885,43.571607,4G,LTE,-101.0,-13.0,4.0,9.0,-83,2975.0,96.0,201.0,201.0,D,PERIODIC,4Pz9s
"
2022.09.09_17.18.05",7.109885,43.571607,4G,LTE,-101.0,-13.0,4.0,8.0,-86,2262.0,75.0,201.0,201.0,D,PERIODIC,4Pz9s
"
2022.09.09_17.18.07",7.109885,43.571607,4G,LTE,-103.0,-15.0,3.0,10.0,-84,3507.0,222.0,201.0,201.0,D,PERIODIC,4Pz9s
"
2022.09.09_17.18.08",7.109885,43.571607,4G,LTE,-103.0,-15.0,3.0,8.0,-80,2871.0,125.0,201.0,201.0,D,PERIODIC,4Pz9s
"
2022.09.09_17.18.09",7.109885,43.571607,4G,LTE,-97.0,-15.0,-1.0,8.0,-80,12557.0,204.0,201.0,201.0,D,PERIODIC,4Pz9s
"
2022.09.09_17.18.10",7.109885,43.571607,4G,LTE,-97.0,-15.0,-1.0,6.0,-87,4277.0,71.0,201.0,201.0,D,PERIODIC,4Pz9s
"
2022.09.09_17.18.11",7.109885,43.571607,4G,LTE,-104.0,-16.0,-2.0,9.0,-85,5006.0,192.0,201.0,201.0,D,PERIODIC,4Pz9s
"
2022.09.09_17.18.12",7.109885,43.571607,4G,LTE,-104.0,-16.0,-2.0,9.0,-81,12067.0,174.0,201.0,201.0,D,PERIODIC,4Pz9s
"
2022.09.09_17.18.13",7.109885,43.571607,4G,LTE,-98.0,-14.0,-1.0,8.0,-84,13879.0,169.0,201.0,201.0,D,PERIODIC,4Pz9s
"
2022.09.09_17.18.14",7.109885,43.571607,4G,LTE,-98.0,-14.0,-1.0,10.0,-81,5856.0,80.0,201.0,201.0,D,PERIODIC,4Pz9s
"
2022.09.09_17.18.15",7.109885,43.571607,4G,LTE,-97.0,-14.0,-2.0,15.0,-79,12441.0,179.0,201.0,201.0,D,PERIODIC,4Pz9s
"
2022.09.09_17.18.16",7.109885,43.571607,4G,LTE,-97.0,-14.0,-2.0,9.0,-83,7152.0,126.0,201.0,201.0,D,PERIODIC,4Pz9s
"
2022.09.09_17.18.17",7.109885,43.571607,4G,LTE,-100.0,-15.0,-1.0,8.0,-79,7926.0,103.0,201.0,201.0,D,PERIODIC,4Pz9s
"
2022.09.09_17.18.18",7.109885,43.571607,4G,LTE,-100.0,-15.0,-1.0,8.0,-79,4872.0,96.0,201.0,201.0,D,PERIODIC,4Pz9s
"
2022.09.09_17.18.19",7.109885,43.571607,4G,LTE,-92.0,-14.0,-3.0,10.0,-75,9187.0,95.0,201.0,201.0,D,PERIODIC,4Pz9s
"
2022.09.09_17.18.20",7.109885,43.571607,4G,LTE,-92.0,-14.0,-3.0,10.0,-75,12716.0,158.0,201.0,201.0,D,PERIODIC,4Pz9s
"
2022.09.09_17.18.21",7.109885,43.571607,4G,LTE,-99.0,-15.0,-4.0,10.0,-82,5525.0,94.0,201.0,201.0,D,PERIODIC,4Pz9s
"
2022.09.09_17.18.22",7.109885,43.571607,4G,LTE,-99.0,-15.0,-4.0,8.0,-76,5392.0,207.0,201.0,201.0,D,PERIODIC,4Pz9s
"
2022.09.09_17.18.23",7.109885,43.571607,4G,LTE,-94.0,-13.0,0.0,8.0,-76,2402.0,119.0,201.0,201.0,D,PERIODIC,4Pz9s
"
2022.09.09_17.18.24",7.109885,43.571607,4G,LTE,-94.0,-13.0,0.0,8.0,-76,11503.0,185.0,201.0,201.0,D,PERIODIC,4Pz9s
"
2022.09.09_17.18.25",7.109885,43.571607,4G,LTE,-95.0,-13.0,6.0,15.0,-78,14075.0,229.0,201.0,201.0,D,PERIODIC,4Pz9s
"
2022.09.09_17.18.26",7.109885,43.571607,4G,LTE,-95.0,-13.0,6.0,15.0,-78,7859.0,112.0,201.0,201.0,D,PERIODIC,4Pz9s
"
2022.09.09_17.18.27",7.109885,43.571607,4G,LTE,-93.0,-13.0,5.0,15.0,-76,14655.0,219.0,201.0,201.0,D,PERIODIC,4Pz9s
"
2022.09.09_17.18.28",7.109885,43.571607,4G,LTE,-93.0,-13.0,5.0,7.0,-80,12697.0,227.0,201.0,201.0,D,PERIODIC,4Pz9s
"
2022.09.09_17.18.29",7.109885,43.571607,4G,LTE,-96.0,-14.0,5.0,7.0,-80,15581.0,222.0,201.0,201.0,D,PERIODIC,4Pz9s
"
2022.09.09_17.18.30",7.109885,43.571607,4G,LTE,-96.0,-14.0,5.0,9.0,-82,24203.0,317.0,201.0,201.0,D,PERIODIC,4Pz9s
"
2022.09.09_17.18.31",7.109885,43.571607,4G,LTE,-99.0,-13.0,5.0,9.0,-82,26673.0,339.0,201.0,201.0,D,PERIODIC,4Pz9s
"
2022.09.09_17.18.32",7.109885,43.571607,4G,LTE,-99.0,-13.0,5.0,8.0,-80,13732.0,199.0,201.0,201.0,D,PERIODIC,4Pz9s
"
2022.09.09_17.18.33",7.109885,43.571607,4G,LTE,-98.0,-16.0,-1.0,8.0,-80,18186.0,241.0,201.0,201.0,D,PERIODIC,4Pz9s
"
2022.09.09_17.18.34",7.109885,43.571607,4G,LTE,-98.0,-16.0,-1.0,10.0,-83,6397.0,135.0,201.0,201.0,D,PERIODIC,4Pz9s
"
2022.09.09_17.18.35",7.109885,43.571607,4G,LTE,-98.0,-13.0,-3.0,14.0,-81,7378.0,115.0,201.0,201.0,D,PERIODIC,4Pz9s
"
2022.09.09_17.18.36",7.109885,43.571607,4G,LTE,-98.0,-13.0,-3.0,14.0,-81,11738.0,142.0,201.0,201.0,D,PERIODIC,4Pz9s
"
2022.09.09_17.18.37",7.109885,43.571607,4G,LTE,-102.0,-15.0,2.0,9.0,-85,8849.0,138.0,201.0,201.0,D,PERIODIC,4Pz9s
"
2022.09.09_17.18.38",7.109885,43.571607,4G,LTE,-102.0,-15.0,2.0,11.0,-82,4906.0,91.0,201.0,201.0,D,PERIODIC,4Pz9s
"
2022.09.09_17.18.39",7.109885,43.571607,4G,LTE,-101.0,-15.0,-2.0,10.0,-84,5458.0,102.0,201.0,201.0,D,PERIODIC,4Pz9s
"
2022.09.09_17.18.40",7.109885,43.571607,4G,LTE,-101.0,-15.0,-2.0,10.0,-84,7431.0,128.0,201.0,201.0,D,PERIODIC,4Pz9s
"
2022.09.09_17.18.41",7.109885,43.571607,4G,LTE,-94.0,-11.0,-3.0,6.0,-77,7631.0,133.0,201.0,201.0,D,HANDOVER_DATA_4G4G,4Pz9s
"
2022.09.09_17.18.42",7.109885,43.571607,4G,LTE,-94.0,-11.0,-3.0,8.0,-80,16394.0,242.0,201.0,201.0,D,PERIODIC,4Pz9s
"
2022.09.09_17.18.43",7.109885,43.571607,4G,LTE,-103.0,-14.0,-4.0,7.0,-86,22389.0,198.0,201.0,201.0,D,PERIODIC,4Pz9s
"
2022.09.09_17.18.44",7.109885,43.571607,4G,LTE,-103.0,-14.0,-4.0,6.0,-89,31835.0,417.0,201.0,201.0,D,PERIODIC,4Pz9s
"
2022.09.09_17.18.45",7.109885,43.571607,4G,LTE,-107.0,-16.0,-4.0,6.0,-89,29624.0,296.0,201.0,201.0,D,PERIODIC,4Pz9s
"
2022.09.09_17.18.46",7.109885,43.571607,4G,LTE,-107.0,-16.0,-4.0,6.0,-89,37536.0,471.0,201.0,201.0,D,PERIODIC,4Pz9s
"
2022.09.09_17.18.47",7.109885,43.571607,4G,LTE,-105.0,-16.0,-5.0,11.0,-81,32109.0,318.0,201.0,201.0,D,PERIODIC,4Pz9s
"
2022.09.09_17.18.48",7.109885,43.571607,4G,LTE,-105.0,-16.0,-5.0,8.0,-84,35865.0,320.0,201.0,201.0,D,PERIODIC,4Pz9s
"
2022.09.09_17.18.49",7.109885,43.571607,4G,LTE,-101.0,-16.0,-5.0,8.0,-82,48998.0,406.0,201.0,201.0,D,PERIODIC,4Pz9s
"
2022.09.09_17.18.50",7.109885,43.571607,4G,LTE,-101.0,-16.0,-5.0,8.0,-,39371.0,292.0,201.0,201.0,D,PERIODIC,4Pz9s
"
2022.09.09_17.18.51",7.109885,43.571607,4G,LTE,-102.0,-16.0,-4.0,8.0,-,39096.0,508.0,201.0,201.0,D,PERIODIC,4Pz9s
"
2022.09.09_17.18.53",7.109885,43.571607,4G,LTE,-102.0,-16.0,-4.0,8.0,-,9844.0,140.0,201.0,201.0,D,PERIODIC,4Pz9s
"
2022.09.09_17.18.53",7.109885,43.571607,4G,LTE,-101.0,-13.0,-4.0,7.0,-,40092.0,226.0,201.0,201.0,D,PERIODIC,4Pz9s
"
2022.09.09_17.18.54",7.109885,43.571607,4G,LTE,-101.0,-13.0,-4.0,7.0,-81,25012.0,193.0,201.0,201.0,D,PERIODIC,4Pz9s
"
2022.09.09_17.18.55",7.109885,43.571607,4G,LTE,-98.0,-15.0,-3.0,6.0,-86,30156.0,360.0,201.0,201.0,D,PERIODIC,4Pz9s
"
2022.09.09_17.18.57",7.109885,43.571607,4G,LTE,-98.0,-15.0,-3.0,8.0,-81,28868.0,357.0,201.0,201.0,D,PERIODIC,4Pz9s
"
2022.09.09_17.18.57",7.109885,43.571607,4G,LTE,-98.0,-14.0,-4.0,6.0,-84,15521.0,178.0,201.0,201.0,D,PERIODIC,4Pz9s
"
2022.09.09_17.18.58",7.109885,43.571607,4G,LTE,-98.0,-14.0,-4.0,7.0,-86,21488.0,323.0,201.0,201.0,D,PERIODIC,4Pz9s
"
2022.09.09_17.19.00",7.109885,43.571607,4G,LTE,-103.0,-17.0,-5.0,6.0,-88,32885.0,382.0,201.0,201.0,D,PERIODIC,4Pz9s
"
2022.09.09_17.19.01",7.109885,43.571607,4G,LTE,-103.0,-17.0,-5.0,6.0,-88,22385.0,264.0,201.0,201.0,D,PERIODIC,4Pz9s
"
2022.09.09_17.19.02",7.109885,43.571607,4G,LTE,-106.0,-18.0,-4.0,8.0,-82,35202.0,409.0,201.0,201.0,D,PERIODIC,4Pz9s
"
2022.09.09_17.19.03",7.109885,43.571607,4G,LTE,-106.0,-18.0,-4.0,7.0,-85,26226.0,444.0,201.0,201.0,D,PERIODIC,4Pz9s
"
2022.09.09_17.19.03",7.109885,43.571607,4G,LTE,-102.0,-17.0,-4.0,7.0,-85,23087.0,321.0,201.0,201.0,D,PERIODIC,4Pz9s
"
2022.09.09_17.19.05",7.109885,43.571607,4G,LTE,-102.0,-17.0,-4.0,5.0,-,19969.0,245.0,201.0,201.0,D,PERIODIC,4Pz9s
"
2022.09.09_17.19.06",7.109885,43.571607,4G,LTE,-103.0,-18.0,-6.0,5.0,-,30365.0,362.0,201.0,201.0,D,PERIODIC,4Pz9s
"
2022.09.09_17.19.07",7.109885,43.571607,4G,LTE,-103.0,-18.0,-6.0,5.0,-,38724.0,475.0,201.0,201.0,D,PERIODIC,4Pz9s
"
2022.09.09_17.19.08",7.109885,43.571607,4G,LTE,-103.0,-18.0,-6.0,5.0,-88,25549.0,311.0,201.0,201.0,D,PERIODIC,4Pz9s
"
2022.09.09_17.19.09",7.109885,43.571607,4G,LTE,-103.0,-18.0,-6.0,5.0,-88,28266.0,365.0,201.0,201.0,D,PERIODIC,4Pz9s
"
2022.09.09_17.19.10",7.109885,43.571607,4G,LTE,-104.0,-16.0,-5.0,4.0,-85,12879.0,165.0,201.0,201.0,D,PERIODIC,4Pz9s
"
2022.09.09_17.19.11",7.109885,43.571607,4G,LTE,-104.0,-16.0,-5.0,4.0,-87,24017.0,323.0,201.0,201.0,D,PERIODIC,4Pz9s
"
2022.09.09_17.19.12",7.109885,43.571607,4G,LTE,-104.0,-17.0,-5.0,4.0,-87,27362.0,425.0,201.0,201.0,D,PERIODIC,4Pz9s
"
2022.09.09_17.19.13",7.109885,43.571607,4G,LTE,-104.0,-17.0,-5.0,4.0,-85,20152.0,228.0,201.0,201.0,D,PERIODIC,4Pz9s
"
2022.09.09_17.19.14",7.109885,43.571607,4G,LTE,-104.0,-17.0,-5.0,7.0,-83,29140.0,360.0,201.0,201.0,D,PERIODIC,4Pz9s
"
2022.09.09_17.19.15",7.109885,43.571607,4G,LTE,-100.0,-16.0,-6.0,6.0,-81,29941.0,362.0,201.0,201.0,D,PERIODIC,4Pz9s
"
2022.09.09_17.19.16",7.109885,43.571607,4G,LTE,-100.0,-16.0,-6.0,6.0,-81,23348.0,226.0,201.0,201.0,D,PERIODIC,4Pz9s
"
2022.09.09_17.19.17",7.109885,43.571607,4G,LTE,-99.0,-16.0,-4.0,6.0,-81,22189.0,274.0,201.0,201.0,D,PERIODIC,4Pz9s
"
2022.09.09_17.19.18",7.109885,43.571607,4G,LTE,-99.0,-16.0,-4.0,8.0,-,23161.0,266.0,201.0,201.0,D,PERIODIC,4Pz9s
"
2022.09.09_17.19.19",7.109885,43.571607,4G,LTE,-101.0,-16.0,-5.0,8.0,-,23348.0,260.0,201.0,201.0,D,PERIODIC,4Pz9s
"
2022.09.09_17.19.20",7.109885,43.571607,4G,LTE,-101.0,-16.0,-5.0,7.0,-88,29403.0,321.0,201.0,201.0,D,PERIODIC,4Pz9s
"
2022.09.09_17.19.21",7.109885,43.571607,4G,LTE,-105.0,-16.0,-6.0,7.0,-86,26628.0,353.0,201.0,201.0,D,PERIODIC,4Pz9s
"
2022.09.09_17.19.22",7.109885,43.571607,4G,LTE,-105.0,-16.0,-6.0,6.0,-92,24996.0,307.0,201.0,201.0,D,PERIODIC,4Pz9s
"
2022.09.09_17.19.23",7.109885,43.571607,4G,LTE,-109.0,-16.0,-5.0,5.0,-89,35390.0,440.0,201.0,201.0,D,PERIODIC,4Pz9s
"
2022.09.09_17.19.24",7.109885,43.571607,4G,LTE,-109.0,-16.0,-5.0,8.0,-,25647.0,259.0,201.0,201.0,D,PERIODIC,4Pz9s
"
2022.09.09_17.19.25",7.109885,43.571607,4G,LTE,-103.0,-15.0,-5.0,6.0,-88,40881.0,347.0,201.0,201.0,D,PERIODIC,4Pz9s
"
2022.09.09_17.19.26",7.109885,43.571607,4G,LTE,-103.0,-15.0,-5.0,8.0,-84,34865.0,418.0,201.0,201.0,D,PERIODIC,4Pz9s
"
2022.09.09_17.19.27",7.109885,43.571607,4G,LTE,-103.0,-15.0,-5.0,8.0,-86,38288.0,388.0,201.0,201.0,D,PERIODIC,4Pz9s
"
2022.09.09_17.19.28",7.109885,43.571607,4G,LTE,-103.0,-15.0,-5.0,8.0,-88,35272.0,393.0,201.0,201.0,D,PERIODIC,4Pz9s
"
2022.09.09_17.19.29",7.109885,43.571607,4G,LTE,-104.0,-16.0,-6.0,8.0,-88,33842.0,425.0,201.0,201.0,D,PERIODIC,4Pz9s
"
2022.09.09_17.19.30",7.109885,43.571607,4G,LTE,-104.0,-16.0,-6.0,8.0,-85,29671.0,356.0,201.0,201.0,D,PERIODIC,4Pz9s
"
2022.09.09_17.19.31",7.109885,43.571607,4G,LTE,-104.0,-16.0,-6.0,6.0,-88,24869.0,297.0,201.0,201.0,D,PERIODIC,4Pz9s
"
2022.09.09_17.19.32",7.109885,43.571607,4G,LTE,-105.0,-17.0,-6.0,6.0,-93,25834.0,355.0,201.0,201.0,D,PERIODIC,4Pz9s
"
2022.09.09_17.19.33",7.109885,43.571607,4G,LTE,-105.0,-17.0,-6.0,6.0,-86,31588.0,275.0,201.0,201.0,D,PERIODIC,4Pz9s
"
2022.09.09_17.19.34",7.109885,43.571607,4G,LTE,-99.0,-16.0,-6.0,8.0,-82,16783.0,305.0,201.0,201.0,D,PERIODIC,4Pz9s
"
2022.09.09_17.19.35",7.109885,43.571607,4G,LTE,-99.0,-16.0,-6.0,5.0,-86,24935.0,304.0,201.0,201.0,D,PERIODIC,4Pz9s
"
2022.09.09_17.19.36",7.109885,43.571607,4G,LTE,-99.0,-15.0,-7.0,6.0,-82,13101.0,152.0,201.0,201.0,D,HANDOVER_DATA_4G4G,4Pz9s
"
2022.09.09_17.19.37",7.109885,43.571607,4G,LTE,-99.0,-15.0,-7.0,12.0,-84,14190.0,200.0,201.0,201.0,D,PERIODIC,4Pz9s
"
2022.09.09_17.19.38",7.109885,43.571607,4G,LTE,-101.0,-14.0,5.0,9.0,-,14073.0,174.0,201.0,201.0,D,PERIODIC,4Pz9s
"
2022.09.09_17.19.39",7.109885,43.571607,4G,LTE,-101.0,-14.0,5.0,15.0,-80,33632.0,395.0,201.0,201.0,D,PERIODIC,4Pz9s
"
2022.09.09_17.19.40",7.109885,43.571607,4G,LTE,-97.0,-14.0,8.0,15.0,-80,27037.0,258.0,201.0,201.0,D,PERIODIC,4Pz9s
"
2022.09.09_17.19.41",7.109885,43.571607,4G,LTE,-97.0,-14.0,8.0,10.0,-83,16080.0,224.0,201.0,201.0,D,PERIODIC,4Pz9s
"
2022.09.09_17.19.42",7.109885,43.571607,4G,LTE,-100.0,-14.0,5.0,6.0,-81,6249.0,147.0,201.0,201.0,D,PERIODIC,4Pz9s
"
2022.09.09_17.19.43",7.109885,43.571607,4G,LTE,-100.0,-14.0,5.0,6.0,-88,49739.0,319.0,201.0,201.0,D,PERIODIC,4Pz9s
"
2022.09.09_17.19.44",7.109885,43.571607,4G,LTE,-105.0,-18.0,1.0,7.0,-85,37926.0,368.0,201.0,201.0,D,HANDOVER_DATA_4G4G,4Pz9s
"
2022.09.09_17.19.45",7.109885,43.571607,4G,LTE,-105.0,-18.0,1.0,7.0,-87,44805.0,389.0,201.0,201.0,D,PERIODIC,4Pz9s
"
2022.09.09_17.19.46",7.109885,43.571607,4G,LTE,-104.0,-17.0,-1.0,7.0,-83,30400.0,256.0,201.0,201.0,D,PERIODIC,4Pz9s
"
2022.09.09_17.19.47",7.109885,43.571607,4G,LTE,-104.0,-17.0,-1.0,6.0,-78,45810.0,295.0,201.0,201.0,D,PERIODIC,4Pz9s
"
2022.09.09_17.19.48",7.109885,43.571607,4G,LTE,-95.0,-15.0,0.0,9.0,-80,44735.0,232.0,201.0,201.0,D,PERIODIC,4Pz9s
"
2022.09.09_17.19.49",7.109885,43.571607,4G,LTE,-95.0,-15.0,0.0,7.0,-86,31322.0,304.0,201.0,201.0,D,PERIODIC,4Pz9s
"
2022.09.09_17.19.50",7.109885,43.571607,4G,LTE,-103.0,-15.0,-1.0,11.0,-80,16846.0,159.0,201.0,201.0,D,PERIODIC,4Pz9s
"
2022.09.09_17.19.51",7.109885,43.571607,4G,LTE,-103.0,-15.0,-1.0,9.0,-84,52554.0,490.0,201.0,201.0,D,PERIODIC,4Pz9s
"
2022.09.09_17.19.52",7.109885,43.571607,4G,LTE,-101.0,-16.0,0.0,7.0,-88,18407.0,249.0,201.0,201.0,D,PERIODIC,4Pz9s
"
2022.09.09_17.19.53",7.109885,43.571607,4G,LTE,-101.0,-16.0,0.0,6.0,-85,10552.0,231.0,201.0,201.0,D,PERIODIC,4Pz9s
"
2022.09.09_17.19.54",7.109885,43.571607,4G,LTE,-101.0,-14.0,-4.0,9.0,-87,4499.0,126.0,201.0,201.0,D,HANDOVER_DATA_4G4G,4Pz9s
"
2022.09.09_17.19.55",7.109885,43.571607,4G,LTE,-101.0,-14.0,-4.0,9.0,-87,13508.0,172.0,201.0,201.0,D,PERIODIC,4Pz9s
"
2022.09.09_17.19.56",7.109885,43.571607,4G,LTE,-103.0,-13.0,2.0,15.0,-,10566.0,139.0,201.0,201.0,D,PERIODIC,4Pz9s
"
2022.09.09_17.19.57",7.109885,43.571607,4G,LTE,-103.0,-13.0,2.0,15.0,-,16586.0,208.0,201.0,201.0,D,PERIODIC,4Pz9s
"
2022.09.09_17.19.58",7.109885,43.571607,4G,LTE,-104.0,-13.0,5.0,15.0,-85,4873.0,123.0,201.0,201.0,D,PERIODIC,4Pz9s
"
2022.09.09_17.19.59",7.109885,43.571607,4G,LTE,-104.0,-13.0,5.0,15.0,-85,5599.0,111.0,201.0,201.0,D,PERIODIC,4Pz9s
"
2022.09.09_17.20.00",7.109885,43.571607,4G,LTE,-103.0,-13.0,5.0,15.0,-85,17410.0,188.0,201.0,201.0,D,PERIODIC,4Pz9s
"
2022.09.09_17.20.01",7.109885,43.571607,4G,LTE,-103.0,-13.0,5.0,15.0,-85,8173.0,90.0,201.0,201.0,D,PERIODIC,4Pz9s
"
2022.09.09_17.20.03",7.109885,43.571607,4G,LTE,-103.0,-14.0,3.0,11.0,-87,7756.0,161.0,201.0,201.0,D,PERIODIC,4Pz9s
"
2022.09.09_17.20.03",7.109885,43.571607,4G,LTE,-103.0,-14.0,3.0,8.0,-85,9890.0,167.0,201.0,201.0,D,PERIODIC,4Pz9s
"
2022.09.09_17.20.04",7.109885,43.571607,4G,LTE,-102.0,-13.0,2.0,8.0,-85,16723.0,182.0,201.0,201.0,D,PERIODIC,4Pz9s
"
2022.09.09_17.20.06",7.109885,43.571607,4G,LTE,-102.0,-13.0,2.0,8.0,-85,4828.0,96.0,201.0,201.0,D,PERIODIC,4Pz9s
"
2022.09.09_17.20.06",7.109885,43.571607,4G,LTE,-103.0,-13.0,4.0,7.0,-89,19395.0,208.0,201.0,201.0,D,PERIODIC,4Pz9s
"
2022.09.09_17.20.07",7.109885,43.571607,4G,LTE,-103.0,-13.0,4.0,10.0,-85,10823.0,148.0,201.0,201.0,D,PERIODIC,4Pz9s
"
2022.09.09_17.20.08",7.109885,43.571607,4G,LTE,-102.0,-16.0,4.0,7.0,-88,7870.0,89.0,201.0,201.0,D,PERIODIC,4Pz9s
"
2022.09.09_17.20.09",7.109885,43.571607,4G,LTE,-102.0,-16.0,4.0,6.0,-90,12724.0,159.0,201.0,201.0,D,PERIODIC,4Pz9s
"
2022.09.09_17.20.10",7.109885,43.571607,4G,LTE,-107.0,-14.0,4.0,6.0,-90,17551.0,221.0,201.0,201.0,D,PERIODIC,4Pz9s
"
2022.09.09_17.20.12",7.109885,43.571607,4G,LTE,-107.0,-14.0,4.0,6.0,-90,14853.0,219.0,201.0,201.0,D,PERIODIC,4Pz9s
"
2022.09.09_17.20.13",7.109885,43.571607,4G,LTE,-106.0,-14.0,3.0,6.0,-88,24518.0,373.0,201.0,201.0,D,PERIODIC,4Pz9s
"
2022.09.09_17.20.14",7.109885,43.571607,4G,LTE,-106.0,-14.0,3.0,6.0,-88,13596.0,151.0,201.0,201.0,D,PERIODIC,4Pz9s
"
2022.09.09_17.20.15",7.109885,43.571607,4G,LTE,-105.0,-13.0,4.0,6.0,-88,13959.0,180.0,201.0,201.0,D,PERIODIC,4Pz9s
"
2022.09.09_17.20.16",7.109885,43.571607,4G,LTE,-105.0,-13.0,4.0,8.0,-86,18538.0,237.0,201.0,201.0,D,PERIODIC,4Pz9s
"
2022.09.09_17.20.17",7.109885,43.571607,4G,LTE,-103.0,-13.0,5.0,8.0,-86,10017.0,137.0,201.0,201.0,D,PERIODIC,4Pz9s
"
2022.09.09_17.20.18",7.109885,43.571607,4G,LTE,-103.0,-13.0,5.0,8.0,-86,9515.0,110.0,201.0,201.0,D,PERIODIC,4Pz9s
"
2022.09.09_17.20.19",7.109885,43.571607,4G,LTE,-104.0,-14.0,4.0,8.0,-86,9841.0,126.0,201.0,201.0,D,PERIODIC,4Pz9s
"
2022.09.09_17.20.20",7.109885,43.571607,4G,LTE,-104.0,-14.0,4.0,8.0,-88,12668.0,192.0,201.0,201.0,D,PERIODIC,4Pz9s
"
2022.09.09_17.20.21",7.109885,43.571607,4G,LTE,-104.0,-13.0,5.0,8.0,-88,20093.0,235.0,201.0,201.0,D,PERIODIC,4Pz9s
"
2022.09.09_17.20.22",7.109885,43.571607,4G,LTE,-104.0,-13.0,5.0,8.0,-88,14533.0,175.0,201.0,201.0,D,PERIODIC,4Pz9s
"
2022.09.09_17.20.23",7.109885,43.571607,4G,LTE,-106.0,-14.0,3.0,8.0,-88,21328.0,307.0,201.0,201.0,D,PERIODIC,4Pz9s
"
2022.09.09_17.20.24",7.109885,43.571607,4G,LTE,-106.0,-14.0,3.0,8.0,-88,16169.0,218.0,201.0,201.0,D,PERIODIC,4Pz9s
"
2022.09.09_17.20.25",7.109885,43.571607,4G,LTE,-105.0,-15.0,4.0,8.0,-91,30019.0,385.0,201.0,201.0,D,PERIODIC,4Pz9s
"
2022.09.09_17.20.26",7.109885,43.571607,4G,LTE,-105.0,-15.0,4.0,8.0,-91,14891.0,194.0,201.0,201.0,D,PERIODIC,4Pz9s
"
2022.09.09_17.20.27",7.109885,43.571607,4G,LTE,-108.0,-14.0,3.0,8.0,-91,9825.0,189.0,201.0,201.0,D,PERIODIC,4Pz9s
"
2022.09.09_17.20.28",7.109885,43.571607,4G,LTE,-108.0,-14.0,3.0,8.0,-88,13381.0,183.0,201.0,201.0,D,PERIODIC,4Pz9s
"
2022.09.09_17.20.29",7.109885,43.571607,4G,LTE,-108.0,-14.0,3.0,7.0,-92,10877.0,133.0,201.0,201.0,D,PERIODIC,4Pz9s
"
2022.09.09_17.20.30",7.109885,43.571607,4G,LTE,-105.0,-14.0,1.0,6.0,-87,9476.0,98.0,201.0,201.0,D,PERIODIC,4Pz9s
"
2022.09.09_17.20.31",7.109885,43.571607,4G,LTE,-105.0,-14.0,1.0,7.0,-89,9680.0,122.0,201.0,201.0,D,PERIODIC,4Pz9s
"
2022.09.09_17.20.32",7.109885,43.571607,4G,LTE,-104.0,-15.0,0.0,7.0,-86,12091.0,198.0,201.0,201.0,D,PERIODIC,4Pz9s
"
2022.09.09_17.20.33",7.109885,43.571607,4G,LTE,-104.0,-15.0,0.0,7.0,-86,15002.0,263.0,201.0,201.0,D,PERIODIC,4Pz9s
"
2022.09.09_17.20.34",7.109885,43.571607,4G,LTE,-104.0,-13.0,1.0,11.0,-89,11383.0,76.0,201.0,201.0,D,PERIODIC,4Pz9s
"
2022.09.09_17.20.35",7.109885,43.571607,4G,LTE,-104.0,-13.0,1.0,11.0,-89,15962.0,232.0,201.0,201.0,D,PERIODIC,4Pz9s
"
2022.09.09_17.20.36",7.109885,43.571607,4G,LTE,-106.0,-13.0,1.0,11.0,-89,14263.0,189.0,201.0,201.0,D,PERIODIC,4Pz9s
"
2022.09.09_17.20.37",7.109885,43.571607,4G,LTE,-106.0,-13.0,1.0,7.0,-91,10765.0,154.0,201.0,201.0,D,PERIODIC,4Pz9s
"
2022.09.09_17.20.38",7.109885,43.571607,4G,LTE,-108.0,-13.0,1.0,7.0,-91,18770.0,304.0,201.0,201.0,D,PERIODIC,4Pz9s
"
2022.09.09_17.20.39",7.109885,43.571607,4G,LTE,-108.0,-13.0,1.0,7.0,-91,15741.0,169.0,201.0,201.0,D,PERIODIC,4Pz9s
"
2022.09.09_17.20.40",7.109885,43.571607,4G,LTE,-109.0,-13.0,1.0,7.0,-91,11317.0,130.0,201.0,201.0,D,PERIODIC,4Pz9s
"
2022.09.09_17.20.41",7.109885,43.571607,4G,LTE,-109.0,-13.0,1.0,4.0,-94,12296.0,238.0,201.0,201.0,D,PERIODIC,4Pz9s
"
2022.09.09_17.20.42",7.109885,43.571607,4G,LTE,-109.0,-13.0,1.0,4.0,-94,9959.0,181.0,201.0,201.0,D,PERIODIC,4Pz9s
"
2022.09.09_17.20.43",7.109885,43.571607,4G,LTE,-112.0,-16.0,-1.0,4.0,-94,12945.0,170.0,201.0,201.0,D,PERIODIC,4Pz9s
"
2022.09.09_17.20.44",7.109885,43.571607,4G,LTE,-112.0,-16.0,-1.0,6.0,-93,9802.0,127.0,201.0,201.0,D,PERIODIC,4Pz9s
"
2022.09.09_17.20.45",7.109885,43.571607,4G,LTE,-110.0,-15.0,1.0,6.0,-93,6465.0,134.0,201.0,201.0,D,PERIODIC,4Pz9s
"
2022.09.09_17.20.46",7.109885,43.571607,4G,LTE,-110.0,-15.0,1.0,7.0,-94,7371.0,125.0,201.0,201.0,D,PERIODIC,4Pz9s
"
2022.09.09_17.20.47",7.109885,43.571607,4G,LTE,-112.0,-15.0,2.0,7.0,-94,4499.0,96.0,201.0,201.0,D,PERIODIC,4Pz9s
"
2022.09.09_17.20.48",7.109885,43.571607,4G,LTE,-112.0,-15.0,2.0,7.0,-94,2789.0,92.0,201.0,201.0,D,PERIODIC,4Pz9s
"
2022.09.09_17.20.49",7.109885,43.571607,4G,LTE,-115.0,-15.0,-2.0,5.0,-,3946.0,125.0,201.0,201.0,D,PERIODIC,4Pz9s
"
2022.09.09_17.20.50",7.109885,43.571607,4G,LTE,-115.0,-15.0,-2.0,6.0,-93,8336.0,146.0,201.0,201.0,D,PERIODIC,4Pz9s
"
2022.09.09_17.20.51",7.109885,43.571607,4G,LTE,-110.0,-13.0,-1.0,6.0,-,5835.0,114.0,201.0,201.0,D,PERIODIC,4Pz9s
"
2022.09.09_17.20.52",7.109885,43.571607,4G,LTE,-110.0,-13.0,-1.0,6.0,-,4021.0,125.0,201.0,201.0,D,PERIODIC,4Pz9s
"
2022.09.09_17.20.53",7.109885,43.571607,4G,LTE,-109.0,-14.0,0.0,8.0,-94,4907.0,104.0,201.0,201.0,D,PERIODIC,4Pz9s
"
2022.09.09_17.20.54",7.109885,43.571607,4G,LTE,-109.0,-14.0,0.0,6.0,-92,2263.0,64.0,201.0,201.0,D,PERIODIC,4Pz9s
"
2022.09.09_17.20.55",7.109885,43.571607,4G,LTE,-109.0,-14.0,-1.0,9.0,-94,2312.0,60.0,201.0,201.0,D,PERIODIC,4Pz9s
"
2022.09.09_17.20.56",7.109885,43.571607,4G,LTE,-109.0,-14.0,-1.0,9.0,-94,2489.0,67.0,201.0,201.0,D,PERIODIC,4Pz9s
"
2022.09.09_17.20.57",7.109885,43.571607,4G,LTE,-112.0,-15.0,-2.0,8.0,-94,3066.0,79.0,201.0,201.0,D,PERIODIC,4Pz9s
"
2022.09.09_17.20.58",7.109885,43.571607,4G,LTE,-112.0,-15.0,-2.0,6.0,-94,2514.0,70.0,201.0,201.0,D,PERIODIC,4Pz9s
"
2022.09.09_17.20.59",7.109885,43.571607,4G,LTE,-112.0,-15.0,-1.0,6.0,-94,2312.0,62.0,201.0,201.0,D,PERIODIC,4Pz9s
"
2022.09.09_17.21.00",7.109885,43.571607,4G,LTE,-112.0,-15.0,-1.0,8.0,-91,2689.0,67.0,201.0,201.0,D,PERIODIC,4Pz9s
"
2022.09.09_17.21.01",7.109885,43.571607,4G,LTE,-108.0,-13.0,0.0,8.0,-93,4151.0,97.0,201.0,201.0,D,PERIODIC,4Pz9s
"
2022.09.09_17.21.02",7.109885,43.571607,4G,LTE,-108.0,-13.0,0.0,8.0,-93,4287.0,101.0,201.0,201.0,D,PERIODIC,4Pz9s
"
2022.09.09_17.21.03",7.109885,43.571607,4G,LTE,-111.0,-15.0,0.0,8.0,-93,3594.0,111.0,201.0,201.0,D,PERIODIC,4Pz9s
"
2022.09.09_17.21.04",7.109885,43.571607,4G,LTE,-111.0,-15.0,0.0,8.0,-93,2911.0,81.0,201.0,201.0,D,PERIODIC,4Pz9s
"
2022.09.09_17.21.05",7.109885,43.571607,4G,LTE,-111.0,-16.0,-1.0,9.0,-94,4092.0,97.0,201.0,201.0,D,PERIODIC,4Pz9s
"
2022.09.09_17.21.06",7.109885,43.571607,4G,LTE,-111.0,-16.0,-1.0,9.0,-94,4657.0,102.0,201.0,201.0,D,PERIODIC,4Pz9s
"
2022.09.09_17.21.07",7.109885,43.571607,4G,LTE,-112.0,-15.0,0.0,8.0,-92,3798.0,94.0,201.0,201.0,D,PERIODIC,4Pz9s
"
2022.09.09_17.21.08",7.109885,43.571607,4G,LTE,-112.0,-15.0,0.0,9.0,-90,3438.0,90.0,201.0,201.0,D,PERIODIC,4Pz9s
"
2022.09.09_17.21.09",7.109885,43.571607,4G,LTE,-107.0,-13.0,1.0,7.0,-94,1979.0,60.0,201.0,201.0,D,PERIODIC,4Pz9s
"
2022.09.09_17.21.10",7.109885,43.571607,4G,LTE,-107.0,-13.0,1.0,7.0,-91,2832.0,73.0,201.0,201.0,D,PERIODIC,4Pz9s
"
2022.09.09_17.21.11",7.109885,43.571607,4G,LTE,-108.0,-14.0,-1.0,7.0,-91,1159.0,45.0,201.0,201.0,D,PERIODIC,4Pz9s
"
2022.09.09_17.21.12",7.109885,43.571607,4G,LTE,-108.0,-14.0,-1.0,7.0,-91,3609.0,117.0,201.0,201.0,D,PERIODIC,4Pz9s
"
2022.09.09_17.21.13",7.109885,43.571607,4G,LTE,-109.0,-14.0,-1.0,7.0,-91,2922.0,77.0,201.0,201.0,D,PERIODIC,4Pz9s
"
2022.09.09_17.21.14",7.109885,43.571607,4G,LTE,-109.0,-14.0,-1.0,7.0,-91,2557.0,70.0,201.0,201.0,D,PERIODIC,4Pz9s
"
2022.09.09_17.21.15",7.109885,43.571607,4G,LTE,-107.0,-14.0,0.0,8.0,-94,3265.0,84.0,201.0,201.0,D,PERIODIC,4Pz9s
"
2022.09.09_17.21.16",7.109885,43.571607,4G,LTE,-107.0,-14.0,0.0,7.0,-88,4173.0,97.0,201.0,201.0,D,PERIODIC,4Pz9s
"
2022.09.09_17.21.17",7.109885,43.571607,4G,LTE,-105.0,-13.0,1.0,7.0,-93,6773.0,143.0,201.0,201.0,D,PERIODIC,4Pz9s
"
2022.09.09_17.21.18",7.109885,43.571607,4G,LTE,-105.0,-13.0,1.0,7.0,-89,4706.0,101.0,201.0,201.0,D,PERIODIC,4Pz9s
"
2022.09.09_17.21.19",7.109885,43.571607,4G,LTE,-106.0,-13.0,3.0,7.0,-89,3398.0,85.0,201.0,201.0,D,PERIODIC,4Pz9s
"
2022.09.09_17.21.20",7.109885,43.571607,4G,LTE,-106.0,-13.0,3.0,7.0,-89,4816.0,102.0,201.0,201.0,D,PERIODIC,4Pz9s
"
2022.09.09_17.21.21",7.109885,43.571607,4G,LTE,-106.0,-14.0,2.0,8.0,-92,3764.0,91.0,201.0,201.0,D,PERIODIC,4Pz9s
"
2022.09.09_17.21.23",7.109885,43.571607,4G,LTE,-106.0,-14.0,2.0,12.0,-89,8746.0,148.0,201.0,201.0,D,PERIODIC,4Pz9s
"
2022.09.09_17.21.23",7.109885,43.571607,4G,LTE,-105.0,-12.0,0.0,12.0,-89,10689.0,172.0,201.0,201.0,D,HANDOVER_DATA_4G4G,4Pz9s
"
2022.09.09_17.21.25",7.109885,43.571607,4G,LTE,-105.0,-12.0,0.0,12.0,-89,23153.0,299.0,201.0,201.0,D,PERIODIC,4Pz9s
"
2022.09.09_17.21.26",7.109885,43.571607,4G,LTE,-104.0,-16.0,-3.0,8.0,-89,41387.0,341.0,201.0,201.0,D,PERIODIC,4Pz9s
"
2022.09.09_17.21.27",7.109885,43.571607,4G,LTE,-104.0,-16.0,-3.0,8.0,-89,39239.0,247.0,201.0,201.0,D,PERIODIC,4Pz9s
"
2022.09.09_17.21.28",7.109885,43.571607,4G,LTE,-104.0,-12.0,-1.0,9.0,-87,38020.0,387.0,201.0,201.0,D,PERIODIC,4Pz9s
"
2022.09.09_17.21.29",7.109885,43.571607,4G,LTE,-104.0,-12.0,-1.0,9.0,-90,28879.0,99.0,201.0,201.0,D,PERIODIC,4Pz9s
"
2022.09.09_17.21.30",7.109885,43.571607,4G,LTE,-108.0,-15.0,-2.0,9.0,-90,43513.0,448.0,201.0,201.0,D,PERIODIC,4Pz9s
"
2022.09.09_17.21.31",7.109885,43.571607,4G,LTE,-108.0,-15.0,-2.0,9.0,-90,36239.0,276.0,201.0,201.0,D,PERIODIC,4Pz9s
"
2022.09.09_17.21.32",7.109885,43.571607,4G,LTE,-110.0,-17.0,-4.0,3.0,-94,43618.0,429.0,201.0,201.0,D,PERIODIC,4Pz9s
"
2022.09.09_17.21.33",7.109885,43.571607,4G,LTE,-110.0,-17.0,-4.0,4.0,-94,25548.0,278.0,201.0,201.0,D,PERIODIC,4Pz9s
"
2022.09.09_17.21.34",7.109885,43.571607,4G,LTE,-120.0,-19.0,-7.0,4.0,-94,18200.0,174.0,201.0,201.0,D,PERIODIC,4Pz9s
"
2022.09.09_17.21.35",7.109885,43.571607,4G,LTE,-120.0,-19.0,-7.0,4.0,-94,12399.0,106.0,201.0,201.0,D,PERIODIC,4Pz9s
"
2022.09.09_17.21.36",7.109885,43.571607,4G,LTE,-116.0,-17.0,-8.0,5.0,-94,7223.0,129.0,201.0,201.0,D,PERIODIC,4Pz9s
"
2022.09.09_17.21.37",7.109885,43.571607,4G,LTE,-116.0,-17.0,-8.0,4.0,-,8273.0,145.0,201.0,201.0,D,PERIODIC,4Pz9s
"
2022.09.09_17.21.38",7.109885,43.571607,4G,LTE,-114.0,-20.0,-8.0,7.0,-94,5738.0,132.0,201.0,201.0,D,PERIODIC,4Pz9s
"
2022.09.09_17.21.39",7.109885,43.571607,4G,LTE,-114.0,-20.0,-8.0,4.0,-94,7755.0,141.0,201.0,201.0,D,PERIODIC,4Pz9s
"
2022.09.09_17.21.40",7.109885,43.571607,4G,LTE,-114.0,-18.0,-7.0,4.0,-94,8880.0,178.0,201.0,201.0,D,PERIODIC,4Pz9s
"
2022.09.09_17.21.41",7.109885,43.571607,4G,LTE,-114.0,-18.0,-7.0,4.0,-94,8605.0,147.0,201.0,201.0,D,PERIODIC,4Pz9s
"
2022.09.09_17.21.42",7.109885,43.571607,4G,LTE,-115.0,-19.0,-8.0,4.0,-94,17963.0,283.0,201.0,201.0,D,PERIODIC,4Pz9s
"
2022.09.09_17.21.43",7.109885,43.571607,4G,LTE,-115.0,-19.0,-8.0,11.0,-92,25779.0,313.0,201.0,201.0,D,PERIODIC,4Pz9s
"
2022.09.09_17.21.44",7.109885,43.571607,4G,LTE,-109.0,-15.0,-6.0,6.0,-92,10550.0,234.0,201.0,201.0,D,HANDOVER_DATA_4G4G,4Pz9s
"
2022.09.09_17.21.45",7.109885,43.571607,4G,LTE,-109.0,-15.0,-6.0,6.0,-92,8945.0,103.0,201.0,201.0,D,PERIODIC,4Pz9s
"
2022.09.09_17.21.46",7.109885,43.571607,4G,LTE,-109.0,-15.0,-2.0,8.0,-,14202.0,242.0,201.0,201.0,D,PERIODIC,4Pz9s
"
2022.09.09_17.21.47",7.109885,43.571607,4G,LTE,-109.0,-15.0,-2.0,8.0,-,8726.0,144.0,201.0,201.0,D,PERIODIC,4Pz9s
"
2022.09.09_17.21.48",7.109885,43.571607,4G,LTE,-109.0,-15.0,1.0,8.0,-,20294.0,262.0,201.0,201.0,D,PERIODIC,4Pz9s
"
2022.09.09_17.21.49",7.109885,43.571607,4G,LTE,-109.0,-15.0,1.0,8.0,-,8532.0,137.0,201.0,201.0,D,PERIODIC,4Pz9s
"
2022.09.09_17.21.50",7.109885,43.571607,4G,LTE,-109.0,-15.0,-1.0,8.0,-,8580.0,138.0,201.0,201.0,D,PERIODIC,4Pz9s
"
2022.09.09_17.21.51",7.109885,43.571607,4G,LTE,-109.0,-15.0,-1.0,8.0,-90,4794.0,96.0,201.0,201.0,D,PERIODIC,4Pz9s
"
2022.09.09_17.21.52",7.109885,43.571607,4G,LTE,-109.0,-14.0,0.0,9.0,-92,6115.0,144.0,201.0,201.0,D,PERIODIC,4Pz9s
"
2022.09.09_17.21.53",7.109885,43.571607,4G,LTE,-109.0,-14.0,0.0,9.0,-92,5309.0,111.0,201.0,201.0,D,PERIODIC,4Pz9s
"
2022.09.09_17.21.54",7.109885,43.571607,4G,LTE,-107.0,-14.0,-2.0,8.0,-90,2913.0,84.0,201.0,201.0,D,PERIODIC,4Pz9s
"
2022.09.09_17.21.55",7.109885,43.571607,4G,LTE,-107.0,-14.0,-2.0,8.0,-90,4587.0,104.0,201.0,201.0,D,PERIODIC,4Pz9s
"
2022.09.09_17.21.56",7.109885,43.571607,4G,LTE,-111.0,-15.0,-3.0,8.0,-94,2999.0,80.0,201.0,201.0,D,PERIODIC,4Pz9s
"
2022.09.09_17.21.57",7.109885,43.571607,4G,LTE,-111.0,-15.0,-3.0,6.0,-87,6752.0,107.0,201.0,201.0,D,PERIODIC,4Pz9s
"
2022.09.09_17.21.58",7.109885,43.571607,4G,LTE,-108.0,-13.0,-3.0,7.0,-93,12990.0,148.0,201.0,201.0,D,HANDOVER_DATA_4G4G,4Pz9s
"
2022.09.09_17.21.59",7.109885,43.571607,4G,LTE,-108.0,-13.0,-3.0,7.0,-93,20589.0,207.0,201.0,201.0,D,PERIODIC,4Pz9s
"
2022.09.09_17.22.00",7.109885,43.571607,4G,LTE,-108.0,-13.0,-3.0,7.0,-91,47072.0,297.0,201.0,201.0,D,PERIODIC,4Pz9s
"
2022.09.09_17.22.02",7.109885,43.571607,4G,LTE,-106.0,-15.0,-4.0,4.0,-92,40937.0,250.0,201.0,201.0,D,PERIODIC,4Pz9s
"
2022.09.09_17.22.02",7.109885,43.571607,4G,LTE,-106.0,-15.0,-4.0,5.0,-94,43702.0,339.0,201.0,201.0,D,PERIODIC,4Pz9s
"
2022.09.09_17.22.03",7.109885,43.571607,4G,LTE,-111.0,-17.0,-4.0,6.0,-92,38346.0,273.0,201.0,201.0,D,PERIODIC,4Pz9s
"
2022.09.09_17.22.04",7.109885,43.571607,4G,LTE,-111.0,-17.0,-4.0,6.0,-92,33375.0,248.0,201.0,201.0,D,PERIODIC,4Pz9s
"
2022.09.09_17.22.05",7.109885,43.571607,4G,LTE,-110.0,-17.0,-5.0,6.0,-92,47629.0,368.0,201.0,201.0,D,PERIODIC,4Pz9s
"
2022.09.09_17.22.06",7.109885,43.571607,4G,LTE,-110.0,-17.0,-5.0,6.0,-86,23098.0,216.0,201.0,201.0,D,PERIODIC,4Pz9s
"
2022.09.09_17.22.07",7.109885,43.571607,4G,LTE,-110.0,-17.0,-5.0,8.0,-89,1662.0,29.0,201.0,201.0,D,PERIODIC,4Pz9s
"
2022.09.09_17.22.08",7.109885,43.571607,4G,LTE,-106.0,-14.0,-1.0,6.0,-85,6869.0,103.0,201.0,201.0,D,HANDOVER_DATA_4G4G,4Pz9s
"
2022.09.09_17.22.09",7.109885,43.571607,4G,LTE,-106.0,-14.0,-1.0,9.0,-91,31468.0,134.0,201.0,201.0,D,PERIODIC,4Pz9s
"
2022.09.09_17.22.10",7.109885,43.571607,4G,LTE,-108.0,-13.0,0.0,9.0,-91,39180.0,368.0,201.0,201.0,D,HANDOVER_DATA_4G4G,4Pz9s
"
2022.09.09_17.22.11",7.109885,43.571607,4G,LTE,-108.0,-13.0,0.0,9.0,-91,49448.0,334.0,201.0,201.0,D,PERIODIC,4Pz9s
"
2022.09.09_17.22.12",7.109885,43.571607,4G,LTE,-109.0,-14.0,-1.0,6.0,-94,40270.0,374.0,201.0,201.0,D,PERIODIC,4Pz9s
"
2022.09.09_17.22.13",7.109885,43.571607,4G,LTE,-109.0,-14.0,-1.0,6.0,-94,34884.0,333.0,201.0,201.0,D,PERIODIC,4Pz9s
"
2022.09.09_17.22.14",7.109885,43.571607,4G,LTE,-110.0,-16.0,-3.0,4.0,-94,47707.0,390.0,201.0,201.0,D,PERIODIC,4Pz9s
"
2022.09.09_17.22.15",7.109885,43.571607,4G,LTE,-110.0,-16.0,-3.0,4.0,-94,26260.0,302.0,201.0,201.0,D,PERIODIC,4Pz9s
"
2022.09.09_17.22.16",7.109885,43.571607,4G,LTE,-113.0,-15.0,-5.0,4.0,-94,41878.0,330.0,201.0,201.0,D,PERIODIC,4Pz9s
"
2022.09.09_17.22.17",7.109885,43.571607,4G,LTE,-113.0,-15.0,-5.0,4.0,-94,43298.0,348.0,201.0,201.0,D,PERIODIC,4Pz9s
"
2022.09.09_17.22.18",7.109885,43.571607,4G,LTE,-113.0,-16.0,-5.0,4.0,-94,34584.0,366.0,201.0,201.0,D,PERIODIC,4Pz9s
"
2022.09.09_17.22.19",7.109885,43.571607,4G,LTE,-113.0,-16.0,-5.0,4.0,-94,34214.0,327.0,201.0,201.0,D,PERIODIC,4Pz9s
"
2022.09.09_17.22.20",7.109885,43.571607,4G,LTE,-113.0,-17.0,-6.0,7.0,-94,28643.0,306.0,201.0,201.0,D,PERIODIC,4Pz9s
"
2022.09.09_17.22.21",7.109885,43.571607,4G,LTE,-113.0,-17.0,-6.0,7.0,-94,27120.0,322.0,201.0,201.0,D,PERIODIC,4Pz9s
"
2022.09.09_17.22.22",7.109885,43.571607,4G,LTE,-115.0,-18.0,-5.0,7.0,-94,25266.0,314.0,201.0,201.0,D,PERIODIC,4Pz9s
"
2022.09.09_17.22.23",7.109885,43.571607,4G,LTE,-115.0,-18.0,-5.0,7.0,-94,20324.0,207.0,201.0,201.0,D,PERIODIC,4Pz9s
"
2022.09.09_17.22.24",7.109885,43.571607,4G,LTE,-115.0,-17.0,-6.0,7.0,-94,27563.0,276.0,201.0,201.0,D,PERIODIC,4Pz9s
"
2022.09.09_17.22.25",7.109885,43.571607,4G,LTE,-115.0,-17.0,-6.0,7.0,-94,31696.0,294.0,201.0,201.0,D,PERIODIC,4Pz9s
"
2022.09.09_17.22.26",7.109885,43.571607,4G,LTE,-114.0,-17.0,-5.0,7.0,-94,28304.0,290.0,201.0,201.0,D,PERIODIC,4Pz9s
"
2022.09.09_17.22.27",7.109885,43.571607,4G,LTE,-114.0,-17.0,-5.0,7.0,-94,46123.0,324.0,201.0,201.0,D,PERIODIC,4Pz9s
"
2022.09.09_17.22.29",7.109885,43.571607,4G,LTE,-115.0,-18.0,-6.0,7.0,-94,44553.0,372.0,201.0,201.0,D,PERIODIC,4Pz9s
"
2022.09.09_17.22.30",7.109885,43.571607,4G,LTE,-115.0,-18.0,-6.0,7.0,-94,36031.0,348.0,201.0,201.0,D,PERIODIC,4Pz9s
"
2022.09.09_17.22.30",7.109885,43.571607,4G,LTE,-115.0,-18.0,-6.0,7.0,-94,41462.0,425.0,201.0,201.0,D,PERIODIC,4Pz9s
"
2022.09.09_17.22.31",7.109885,43.571607,4G,LTE,-115.0,-18.0,-6.0,5.0,-94,19511.0,190.0,201.0,201.0,D,PERIODIC,4Pz9s
"
2022.09.09_17.22.32",7.109885,43.571607,4G,LTE,-113.0,-18.0,-6.0,5.0,-94,38910.0,312.0,201.0,201.0,D,PERIODIC,4Pz9s
"
2022.09.09_17.22.34",7.109885,43.571607,4G,LTE,-113.0,-18.0,-6.0,5.0,-94,30121.0,203.0,201.0,201.0,D,PERIODIC,4Pz9s
"
2022.09.09_17.22.35",7.109885,43.571607,4G,LTE,-114.0,-17.0,-6.0,5.0,-94,33758.0,305.0,201.0,201.0,D,PERIODIC,4Pz9s
"
2022.09.09_17.22.36",7.109885,43.571607,4G,LTE,-114.0,-17.0,-6.0,5.0,-94,21854.0,172.0,201.0,201.0,D,PERIODIC,4Pz9s
"
2022.09.09_17.22.37",7.109885,43.571607,4G,LTE,-114.0,-18.0,-7.0,5.0,-94,48393.0,345.0,201.0,201.0,D,PERIODIC,4Pz9s
"
2022.09.09_17.22.38",7.109885,43.571607,4G,LTE,-114.0,-18.0,-7.0,5.0,-94,28934.0,285.0,201.0,201.0,D,PERIODIC,4Pz9s
"
2022.09.09_17.22.39",7.109885,43.571607,4G,LTE,-114.0,-18.0,-6.0,5.0,-94,30998.0,337.0,201.0,201.0,D,PERIODIC,4Pz9s
"
2022.09.09_17.22.40",7.109885,43.571607,4G,LTE,-114.0,-18.0,-6.0,5.0,-94,19829.0,273.0,201.0,201.0,D,PERIODIC,4Pz9s
"
2022.09.09_17.22.41",7.109885,43.571607,4G,LTE,-113.0,-18.0,-7.0,5.0,-94,29741.0,301.0,201.0,201.0,D,PERIODIC,4Pz9s
"
2022.09.09_17.22.42",7.109885,43.571607,4G,LTE,-113.0,-18.0,-7.0,5.0,-94,44080.0,513.0,201.0,201.0,D,PERIODIC,4Pz9s
"
2022.09.09_17.22.43",7.109885,43.571607,4G,LTE,-113.0,-18.0,-6.0,6.0,-92,37834.0,325.0,201.0,201.0,D,PERIODIC,4Pz9s
"
2022.09.09_17.22.44",7.109885,43.571607,4G,LTE,-113.0,-18.0,-6.0,6.0,-94,44950.0,352.0,201.0,201.0,D,PERIODIC,4Pz9s
"
2022.09.09_17.22.45",7.109885,43.571607,4G,LTE,-112.0,-18.0,-6.0,6.0,-94,40314.0,253.0,201.0,201.0,D,PERIODIC,4Pz9s
"
2022.09.09_17.22.46",7.109885,43.571607,4G,LTE,-112.0,-18.0,-6.0,6.0,-94,37828.0,328.0,201.0,201.0,D,PERIODIC,4Pz9s
"
2022.09.09_17.22.47",7.109885,43.571607,4G,LTE,-107.0,-10.0,0.0,6.0,-,41546.0,298.0,201.0,201.0,D,HANDOVER_DATA_4G4G,4Pz9s
"
2022.09.09_17.22.48",7.109885,43.571607,4G,LTE,-107.0,-10.0,0.0,6.0,-,64688.0,232.0,201.0,201.0,D,PERIODIC,4Pz9s
"
2022.09.09_17.22.49",7.109885,43.571607,4G,LTE,-107.0,-10.0,0.0,6.0,-,43037.0,383.0,201.0,201.0,D,PERIODIC,4Pz9s
"
2022.09.09_17.22.50",7.109885,43.571607,4G,LTE,-108.0,-13.0,-4.0,9.0,-92,41104.0,325.0,201.0,201.0,D,PERIODIC,4Pz9s
"
2022.09.09_17.22.51",7.109885,43.571607,4G,LTE,-108.0,-13.0,-4.0,7.0,-90,38052.0,324.0,201.0,201.0,D,PERIODIC,4Pz9s
"
2022.09.09_17.22.52",7.109885,43.571607,4G,LTE,-107.0,-15.0,-5.0,8.0,-94,42565.0,371.0,201.0,201.0,D,PERIODIC,4Pz9s
"
2022.09.09_17.22.53",7.109885,43.571607,4G,LTE,-107.0,-15.0,-5.0,6.0,-94,39513.0,331.0,201.0,201.0,D,PERIODIC,4Pz9s
"
2022.09.09_17.22.54",7.109885,43.571607,4G,LTE,-113.0,-17.0,-5.0,6.0,-94,39330.0,404.0,201.0,201.0,D,PERIODIC,4Pz9s
"
2022.09.09_17.22.55",7.109885,43.571607,4G,LTE,-113.0,-17.0,-5.0,6.0,-94,40690.0,269.0,201.0,201.0,D,PERIODIC,4Pz9s
"
2022.09.09_17.22.56",7.109885,43.571607,4G,LTE,-114.0,-17.0,-7.0,6.0,-94,34964.0,336.0,201.0,201.0,D,PERIODIC,4Pz9s
"
2022.09.09_17.22.57",7.109885,43.571607,4G,LTE,-114.0,-17.0,-7.0,6.0,-94,41666.0,360.0,201.0,201.0,D,PERIODIC,4Pz9s
"
2022.09.09_17.22.58",7.109885,43.571607,4G,LTE,-114.0,-20.0,-9.0,4.0,-,33296.0,199.0,201.0,201.0,D,PERIODIC,4Pz9s
"
2022.09.09_17.22.59",7.109885,43.571607,4G,LTE,-114.0,-20.0,-9.0,4.0,-,35321.0,354.0,201.0,201.0,D,PERIODIC,4Pz9s
"
2022.09.09_17.23.00",7.109885,43.571607,4G,LTE,-114.0,-16.0,-9.0,4.0,-,41374.0,360.0,201.0,201.0,D,PERIODIC,4Pz9s
"
2022.09.09_17.23.01",7.109885,43.571607,4G,LTE,-114.0,-16.0,-9.0,6.0,-94,45528.0,418.0,201.0,201.0,D,PERIODIC,4Pz9s
"
2022.09.09_17.23.02",7.109885,43.571607,4G,LTE,-114.0,-17.0,-9.0,6.0,-94,18834.0,173.0,201.0,201.0,D,PERIODIC,4Pz9s
"
2022.09.09_17.23.03",7.109885,43.571607,4G,LTE,-114.0,-17.0,-9.0,6.0,-94,27.0,14.0,201.0,201.0,D,PERIODIC,4Pz9s
"
2022.09.09_17.23.04",7.109885,43.571607,4G,LTE,-112.0,-17.0,-9.0,6.0,-94,7.0,11.0,201.0,201.0,D,PERIODIC,4Pz9s
"
2022.09.09_17.23.05",7.109885,43.571607,4G,LTE,-112.0,-17.0,-9.0,6.0,-94,7.0,11.0,201.0,201.0,D,PERIODIC,4Pz9s
"
2022.09.09_17.23.06",7.109885,43.571607,4G,LTE,-115.0,-17.0,-10.0,4.0,-94,7.0,11.0,201.0,201.0,D,PERIODIC,4Pz9s
"
2022.09.09_17.23.07",7.109885,43.571607,4G,LTE,-115.0,-17.0,-10.0,7.0,-91,25.0,90.0,201.0,201.0,D,PERIODIC,4Pz9s
"
2022.09.09_17.23.08",7.109885,43.571607,4G,LTE,-109.0,-14.0,-8.0,7.0,-91,2334.0,196.0,201.0,201.0,D,PERIODIC,4Pz9s
"
2022.09.09_17.23.09",7.109885,43.571607,4G,LTE,-109.0,-14.0,-8.0,9.0,-,7.0,10.0,201.0,201.0,D,PERIODIC,4Pz9s
"
2022.09.09_17.23.10",7.109885,43.571607,4G,LTE,-108.0,-12.0,-4.0,8.0,-91,7.0,10.0,201.0,201.0,D,PERIODIC,4Pz9s
"
2022.09.09_17.23.11",7.109885,43.571607,4G,LTE,-108.0,-12.0,-4.0,9.0,-94,7.0,10.0,201.0,201.0,D,PERIODIC,4Pz9s
"
2022.09.09_17.23.12",7.109885,43.571607,4G,LTE,-113.0,-12.0,-1.0,9.0,-94,7.0,12.0,201.0,201.0,D,PERIODIC,4Pz9s
"
2022.09.09_17.23.13",7.109885,43.571607,4G,LTE,-113.0,-12.0,-1.0,9.0,-94,25.0,12.0,201.0,201.0,D,PERIODIC,4Pz9s
"
2022.09.09_17.23.14",7.109885,43.571607,4G,LTE,-108.0,-12.0,3.0,10.0,-91,15.0,85.0,201.0,201.0,D,PERIODIC,4Pz9s
"
2022.09.09_17.23.15",7.109885,43.571607,4G,LTE,-108.0,-12.0,3.0,12.0,-,8.0,3.0,201.0,201.0,D,PERIODIC,4Pz9s
"
2022.09.09_17.23.16",7.109885,43.571607,4G,LTE,-108.0,-12.0,3.0,9.0,-85,24.0,52.0,201.0,201.0,D,PERIODIC,4Pz9s
"
2022.09.09_17.23.17",7.109885,43.571607,4G,LTE,-101.0,-7.0,-2.0,9.0,-85,133.0,73.0,201.0,201.0,D,PERIODIC,4Pz9s
"
2022.09.09_17.23.18",7.109885,43.571607,4G,LTE,-101.0,-7.0,-2.0,10.0,-83,18.0,15.0,201.0,201.0,D,PERIODIC,4Pz9s
"
2022.09.09_17.23.19",7.109885,43.571607,4G,LTE,-101.0,-10.0,-1.0,9.0,-86,12.0,6.0,201.0,201.0,D,PERIODIC,4Pz9s
"
2022.09.09_17.23.20",7.109885,43.571607,4G,LTE,-101.0,-10.0,-1.0,12.0,-84,0.0,0.0,201.0,201.0,D,PERIODIC,4Pz9s
"
2022.09.09_17.23.21",7.109885,43.571607,4G,LTE,-103.0,-13.0,-6.0,6.0,-86,0.0,0.0,201.0,201.0,I,PERIODIC,4Pz9s
"
2022.09.09_17.23.22",7.109885,43.571607,4G,LTE,-103.0,-13.0,-6.0,6.0,-86,0.0,1.0,201.0,201.0,D,PERIODIC,4Pz9s
"
2022.09.09_17.23.23",7.109885,43.571607,4G,LTE,-107.0,-12.0,-2.0,9.0,-90,18.0,1.0,201.0,201.0,D,PERIODIC,4Pz9s
"
2022.09.09_17.23.24",7.109885,43.571607,4G,LTE,-107.0,-12.0,-2.0,10.0,-92,0.0,0.0,201.0,201.0,I,PERIODIC,4Pz9s
"
2022.09.09_17.23.25",7.109885,43.571607,4G,LTE,-105.0,-13.0,-4.0,9.0,-88,0.0,0.0,201.0,201.0,I,PERIODIC,4Pz9s
"
2022.09.09_17.23.26",7.109885,43.571607,4G,LTE,-105.0,-13.0,-4.0,9.0,-88,0.0,0.0,201.0,201.0,I,PERIODIC,4Pz9s
"
2022.09.09_17.23.27",7.109885,43.571607,4G,LTE,-105.0,-13.0,-4.0,11.0,-84,0.0,0.0,201.0,201.0,I,LOG_END,4Pz9s
"
",,,,,,,,,,,,,,,,4Pz9s
