Timestamp,Longitude,Latitude,CellID,NetworkTech,NetworkMode,Level,Qual,SNR,CQI,LTERSSI,DL_bitrate,UL_bitrate,Altitude,Height,State,EVENT,SecondCell_RSRP,SecondCell_RSRQ,SecondCell_SNR,Eid
"
2022.09.15_13.15.03",7.224405,43.671369,71.0,5G,5G,-106.0,-3.0,7.0,7.0,-,0.0,0.0,56.0,56.0,I,LOG START,-93.0,-13.0,6.0,5Mnsq15
"
2022.09.15_13.15.03",7.224405,43.671369,71.0,5G,5G,-106.0,-3.0,7.0,7.0,-,0.0,0.0,56.0,56.0,I,PERIODIC,-93.0,-13.0,6.0,5Mnsq15
"
2022.09.15_13.15.03",7.224246000000001,43.67132,71.0,5G,5G,-106.0,-3.0,7.0,7.0,-,0.0,0.0,56.0,56.0,I,,-93.0,-13.0,6.0,5Mnsq15
"
2022.09.15_13.15.04",7.224246000000001,43.67132,71.0,5G,5G,-106.0,-3.0,7.0,9.0,-,0.0,0.0,56.0,56.0,I,PERIODIC,-93.0,-13.0,9.0,5Mnsq15
"
2022.09.15_13.15.04",7.224116,43.671243,71.0,5G,5G,-106.0,-3.0,7.0,9.0,-,0.0,0.0,78.0,78.0,I,,-93.0,-13.0,9.0,5Mnsq15
"
2022.09.15_13.15.05",7.224116,43.671243,71.0,5G,5G,-101.0,-3.0,11.0,9.0,-,0.0,0.0,78.0,78.0,I,PERIODIC,-93.0,-13.0,9.0,5Mnsq15
"
2022.09.15_13.15.06",7.224028,43.671178000000005,71.0,5G,5G,-101.0,-3.0,11.0,9.0,-,0.0,0.0,80.0,80.0,I,,-93.0,-13.0,9.0,5Mnsq15
"
2022.09.15_13.15.06",7.224028,43.671178000000005,71.0,5G,5G,-101.0,-3.0,11.0,9.0,-,0.0,0.0,80.0,80.0,I,PERIODIC,-93.0,-13.0,9.0,5Mnsq15
"
2022.09.15_13.15.07",7.224028,43.671178000000005,71.0,5G,5G,-101.0,-3.0,14.0,11.0,-,2.0,2.0,80.0,80.0,D,PERIODIC,-90.0,-14.0,9.0,5Mnsq15
"
2022.09.15_13.15.07",7.223926,43.671079999999996,71.0,5G,5G,-101.0,-3.0,14.0,11.0,-,2.0,2.0,58.0,58.0,D,,-90.0,-14.0,9.0,5Mnsq15
"
2022.09.15_13.15.08",7.223926,43.671079999999996,71.0,5G,5G,-101.0,-3.0,13.0,11.0,-,0.0,0.0,58.0,58.0,D,PERIODIC,-90.0,-14.0,9.0,5Mnsq15
"
2022.09.15_13.15.09",7.223836,43.671009000000005,71.0,5G,5G,-101.0,-3.0,13.0,11.0,-,0.0,0.0,56.0,56.0,I,,-90.0,-14.0,9.0,5Mnsq15
"
2022.09.15_13.15.09",7.223836,43.671009000000005,71.0,5G,5G,-101.0,-3.0,13.0,11.0,-,0.0,0.0,56.0,56.0,I,PERIODIC,-90.0,-14.0,9.0,5Mnsq15
"
2022.09.15_13.15.10",7.2236970000000005,43.670907,71.0,5G,5G,-101.0,-3.0,13.0,10.0,-,0.0,0.0,56.0,56.0,I,,-90.0,-14.0,9.0,5Mnsq15
"
2022.09.15_13.15.10",7.2236970000000005,43.670907,71.0,5G,5G,-101.0,-3.0,13.0,10.0,-,0.0,0.0,56.0,56.0,I,PERIODIC,-90.0,-14.0,7.0,5Mnsq15
"
2022.09.15_13.15.11",7.2236020000000005,43.670837,71.0,5G,5G,-92.0,-3.0,16.0,6.0,-,0.0,0.0,56.0,56.0,I,,-90.0,-14.0,7.0,5Mnsq15
"
2022.09.15_13.15.11",7.2236020000000005,43.670837,71.0,5G,5G,-92.0,-3.0,16.0,6.0,-,0.0,0.0,56.0,56.0,I,PERIODIC,-89.0,-13.0,6.0,5Mnsq15
"
2022.09.15_13.15.12",7.223505,43.670766,71.0,5G,5G,-92.0,-3.0,16.0,6.0,-,0.0,6.0,56.0,56.0,D,,-89.0,-13.0,6.0,5Mnsq15
"
2022.09.15_13.15.12",7.223505,43.670766,71.0,5G,5G,-92.0,-3.0,16.0,6.0,-,0.0,6.0,56.0,56.0,D,PERIODIC,-89.0,-13.0,6.0,5Mnsq15
"
2022.09.15_13.15.13",7.223406,43.670699,71.0,5G,5G,-92.0,-3.0,16.0,6.0,-,5.0,0.0,56.0,56.0,D,,-89.0,-13.0,6.0,5Mnsq15
"
2022.09.15_13.15.13",7.223406,43.670699,71.0,5G,5G,-92.0,-3.0,16.0,9.0,-,5.0,0.0,56.0,56.0,D,PERIODIC,-89.0,-11.0,11.0,5Mnsq15
"
2022.09.15_13.15.14",7.223305,43.670627,71.0,5G,5G,-92.0,-3.0,16.0,9.0,-,0.0,0.0,56.0,56.0,I,,-89.0,-11.0,11.0,5Mnsq15
"
2022.09.15_13.15.14",7.223305,43.670627,71.0,5G,5G,-92.0,-3.0,16.0,9.0,-,0.0,0.0,56.0,56.0,I,PERIODIC,-89.0,-11.0,11.0,5Mnsq15
"
2022.09.15_13.15.15",7.223202000000001,43.670556,71.0,5G,5G,-104.0,-3.0,5.0,9.0,-,0.0,0.0,56.0,56.0,I,,-89.0,-11.0,11.0,5Mnsq15
"
2022.09.15_13.15.15",7.223202000000001,43.670556,71.0,5G,5G,-104.0,-3.0,5.0,11.0,-,0.0,0.0,56.0,56.0,I,PERIODIC,-87.0,-10.0,21.0,5Mnsq15
"
2022.09.15_13.15.16",7.223097999999999,43.670489,71.0,5G,5G,-104.0,-3.0,5.0,11.0,-,0.0,0.0,56.0,56.0,I,,-87.0,-10.0,21.0,5Mnsq15
"
2022.09.15_13.15.16",7.223097999999999,43.670489,71.0,5G,5G,-104.0,-3.0,5.0,11.0,-,0.0,0.0,56.0,56.0,I,PERIODIC,-87.0,-10.0,21.0,5Mnsq15
"
2022.09.15_13.15.17",7.223,43.670421999999995,71.0,5G,5G,-100.0,-3.0,2.0,11.0,-,0.0,0.0,55.0,55.0,I,,-87.0,-10.0,21.0,5Mnsq15
"
2022.09.15_13.15.17",7.223,43.670421999999995,71.0,5G,5G,-100.0,-3.0,2.0,5.0,-,0.0,0.0,55.0,55.0,I,PERIODIC,-82.0,-11.0,21.0,5Mnsq15
"
2022.09.15_13.15.18",7.222906,43.670359999999995,71.0,5G,5G,-99.0,-7.0,-3.0,5.0,-,0.0,0.0,55.0,55.0,I,,-82.0,-11.0,21.0,5Mnsq15
"
2022.09.15_13.15.18",7.222906,43.670359999999995,71.0,5G,5G,-99.0,-7.0,-3.0,5.0,-,0.0,0.0,55.0,55.0,I,PERIODIC,-82.0,-11.0,21.0,5Mnsq15
"
2022.09.15_13.15.19",7.222795,43.670307,71.0,5G,5G,-99.0,-7.0,-3.0,5.0,-,0.0,3.0,58.0,58.0,D,,-82.0,-11.0,21.0,5Mnsq15
"
2022.09.15_13.15.19",7.222795,43.670307,71.0,5G,5G,-99.0,-7.0,-3.0,15.0,-,0.0,3.0,58.0,58.0,D,PERIODIC,-80.0,-10.0,15.0,5Mnsq15
"
2022.09.15_13.15.20",7.222697999999999,43.670246999999996,71.0,5G,5G,-99.0,-7.0,-3.0,15.0,-,0.0,3.0,60.0,60.0,D,,-80.0,-10.0,15.0,5Mnsq15
"
2022.09.15_13.15.20",7.222697999999999,43.670246999999996,71.0,5G,5G,-99.0,-7.0,-3.0,15.0,-,0.0,0.0,60.0,60.0,D,PERIODIC,-80.0,-10.0,15.0,5Mnsq15
"
2022.09.15_13.15.21",7.222697999999999,43.670246999999996,71.0,5G,5G,-99.0,-7.0,-3.0,15.0,-,0.0,0.0,60.0,60.0,I,PERIODIC,-80.0,-10.0,15.0,5Mnsq15
"
2022.09.15_13.15.22",7.222507000000001,43.670136,71.0,5G,5G,-94.0,-3.0,9.0,15.0,-,0.0,0.0,62.0,62.0,D,,-80.0,-10.0,15.0,5Mnsq15
"
2022.09.15_13.15.22",7.222507000000001,43.670136,71.0,5G,5G,-94.0,-3.0,9.0,12.0,-,432.0,244.0,62.0,62.0,D,PERIODIC,-81.0,-10.0,7.0,5Mnsq15
"
2022.09.15_13.15.23",7.222414,43.670072,71.0,5G,5G,-94.0,-3.0,9.0,12.0,-,432.0,244.0,62.0,62.0,D,,-81.0,-10.0,7.0,5Mnsq15
"
2022.09.15_13.15.23",7.222414,43.670072,71.0,5G,5G,-94.0,-3.0,9.0,12.0,-,365.0,54.0,62.0,62.0,D,PERIODIC,-81.0,-10.0,7.0,5Mnsq15
"
2022.09.15_13.15.24",7.222414,43.670072,71.0,5G,5G,-100.0,-3.0,7.0,12.0,-,1574.0,184.0,62.0,62.0,D,PERIODIC,-83.0,-10.0,7.0,5Mnsq15
"
2022.09.15_13.15.25",7.222237,43.669968,71.0,5G,5G,-100.0,-3.0,11.0,12.0,-,1574.0,184.0,62.0,62.0,D,,-83.0,-10.0,7.0,5Mnsq15
"
2022.09.15_13.15.25",7.222237,43.669968,71.0,5G,5G,-100.0,-3.0,11.0,12.0,-,30.0,4.0,62.0,62.0,D,PERIODIC,-83.0,-10.0,7.0,5Mnsq15
"
2022.09.15_13.15.26",7.222237,43.669968,71.0,5G,5G,-95.0,-3.0,16.0,10.0,-,112.0,48.0,62.0,62.0,D,PERIODIC,-77.0,-13.0,13.0,5Mnsq15
"
2022.09.15_13.15.27",7.2220770000000005,43.669861,71.0,5G,5G,-86.0,-3.0,21.0,10.0,-,112.0,48.0,61.0,61.0,D,,-77.0,-13.0,13.0,5Mnsq15
"
2022.09.15_13.15.27",7.2220770000000005,43.669861,71.0,5G,5G,-86.0,-3.0,21.0,10.0,-,0.0,0.0,61.0,61.0,D,PERIODIC,-77.0,-13.0,13.0,5Mnsq15
"
2022.09.15_13.15.28",7.2220770000000005,43.669861,71.0,5G,5G,-80.0,-3.0,21.0,15.0,-,0.0,0.0,61.0,61.0,I,PERIODIC,-70.0,-12.0,16.0,5Mnsq15
"
2022.09.15_13.15.29",7.221956,43.66976,71.0,5G,5G,-80.0,-3.0,21.0,15.0,-,0.0,0.0,62.0,62.0,I,,-70.0,-12.0,16.0,5Mnsq15
"
2022.09.15_13.15.29",7.221956,43.66976,71.0,5G,5G,-80.0,-3.0,21.0,15.0,-,0.0,0.0,62.0,62.0,I,PERIODIC,-70.0,-12.0,16.0,5Mnsq15
"
2022.09.15_13.15.30",7.221956,43.66976,71.0,5G,5G,-81.0,-3.0,22.0,15.0,-,0.0,0.0,62.0,62.0,I,PERIODIC,-62.0,-11.0,30.0,5Mnsq15
"
2022.09.15_13.15.31",7.221864999999999,43.66969,71.0,5G,5G,-81.0,-3.0,22.0,15.0,-,0.0,0.0,61.0,61.0,I,,-62.0,-11.0,30.0,5Mnsq15
"
2022.09.15_13.15.31",7.221864999999999,43.66969,71.0,5G,5G,-81.0,-3.0,22.0,15.0,-,0.0,0.0,61.0,61.0,I,PERIODIC,-62.0,-11.0,30.0,5Mnsq15
"
2022.09.15_13.15.32",7.221864999999999,43.66969,71.0,5G,5G,-83.0,-3.0,20.0,14.0,-,1.0,0.0,61.0,61.0,D,PERIODIC,-66.0,-12.0,22.0,5Mnsq15
"
2022.09.15_13.15.33",7.221864999999999,43.66969,71.0,5G,5G,-85.0,-3.0,20.0,14.0,-,65.0,86.0,61.0,61.0,D,PERIODIC,-66.0,-12.0,22.0,5Mnsq15
"
2022.09.15_13.15.34",7.221864999999999,43.66969,71.0,5G,5G,-84.0,-3.0,21.0,15.0,-,0.0,0.0,61.0,61.0,D,PERIODIC,-62.0,-11.0,28.0,5Mnsq15
"
2022.09.15_13.15.35",7.221773,43.669628,71.0,5G,5G,-81.0,-3.0,22.0,15.0,-,0.0,0.0,59.0,59.0,I,,-62.0,-11.0,28.0,5Mnsq15
"
2022.09.15_13.15.35",7.221773,43.669628,71.0,5G,5G,-81.0,-3.0,22.0,15.0,-,0.0,0.0,59.0,59.0,I,PERIODIC,-62.0,-11.0,28.0,5Mnsq15
"
2022.09.15_13.15.36",7.221773,43.669628,71.0,5G,5G,-81.0,-3.0,22.0,15.0,-,0.0,0.0,59.0,59.0,I,PERIODIC,-63.0,-11.0,30.0,5Mnsq15
"
2022.09.15_13.15.37",7.221773,43.669628,71.0,5G,5G,-81.0,-3.0,22.0,15.0,-,0.0,0.0,59.0,59.0,I,PERIODIC,-63.0,-11.0,30.0,5Mnsq15
"
2022.09.15_13.15.38",7.221773,43.669628,71.0,5G,5G,-81.0,-3.0,22.0,15.0,-,0.0,0.0,59.0,59.0,I,PERIODIC,-66.0,-12.0,29.0,5Mnsq15
"
2022.09.15_13.15.39",7.221773,43.669628,71.0,5G,5G,-81.0,-3.0,22.0,15.0,-,0.0,0.0,59.0,59.0,I,PERIODIC,-66.0,-12.0,29.0,5Mnsq15
"
2022.09.15_13.15.40",7.221773,43.669628,71.0,5G,5G,-81.0,-3.0,22.0,15.0,-,0.0,0.0,59.0,59.0,I,PERIODIC,-67.0,-13.0,26.0,5Mnsq15
"
2022.09.15_13.15.41",7.221773,43.669628,71.0,5G,5G,-81.0,-3.0,22.0,15.0,-,0.0,0.0,59.0,59.0,I,PERIODIC,-67.0,-13.0,26.0,5Mnsq15
"
2022.09.15_13.15.42",7.221773,43.669628,71.0,5G,5G,-81.0,-3.0,22.0,15.0,-,5.0,6.0,59.0,59.0,D,PERIODIC,-65.0,-13.0,30.0,5Mnsq15
"
2022.09.15_13.15.43",7.221773,43.669628,71.0,5G,5G,-80.0,-3.0,22.0,15.0,-,0.0,0.0,59.0,59.0,D,PERIODIC,-65.0,-13.0,30.0,5Mnsq15
"
2022.09.15_13.15.44",7.221773,43.669628,71.0,5G,5G,-80.0,-3.0,22.0,15.0,-,0.0,0.0,59.0,59.0,I,PERIODIC,-63.0,-13.0,30.0,5Mnsq15
"
2022.09.15_13.15.45",7.221671000000001,43.669568,71.0,5G,5G,-80.0,-3.0,22.0,15.0,-,0.0,0.0,59.0,59.0,I,,-63.0,-13.0,30.0,5Mnsq15
"
2022.09.15_13.15.45",7.221671000000001,43.669568,71.0,5G,5G,-80.0,-3.0,22.0,15.0,-,0.0,0.0,59.0,59.0,I,PERIODIC,-63.0,-13.0,30.0,5Mnsq15
"
2022.09.15_13.15.46",7.221671000000001,43.669568,71.0,5G,5G,-86.0,-3.0,21.0,15.0,-,0.0,0.0,59.0,59.0,I,PERIODIC,-72.0,-11.0,26.0,5Mnsq15
"
2022.09.15_13.15.47",7.2215679999999995,43.669503999999996,71.0,5G,5G,-86.0,-3.0,21.0,15.0,-,0.0,0.0,60.0,60.0,I,,-72.0,-11.0,26.0,5Mnsq15
"
2022.09.15_13.15.47",7.2215679999999995,43.669503999999996,71.0,5G,5G,-86.0,-3.0,21.0,15.0,-,0.0,0.0,60.0,60.0,I,PERIODIC,-72.0,-11.0,26.0,5Mnsq15
"
2022.09.15_13.15.48",7.2215679999999995,43.669503999999996,71.0,5G,5G,-86.0,-3.0,21.0,15.0,-,0.0,0.0,60.0,60.0,I,PERIODIC,-72.0,-10.0,24.0,5Mnsq15
"
2022.09.15_13.15.49",7.221448,43.669427,71.0,5G,5G,-86.0,-3.0,21.0,15.0,-,0.0,0.0,59.0,59.0,I,,-72.0,-10.0,24.0,5Mnsq15
"
2022.09.15_13.15.49",7.221448,43.669427,71.0,5G,5G,-86.0,-3.0,21.0,15.0,-,0.0,0.0,59.0,59.0,I,PERIODIC,-72.0,-10.0,24.0,5Mnsq15
"
2022.09.15_13.15.50",7.221448,43.669427,71.0,5G,5G,-83.0,-3.0,22.0,15.0,-,0.0,0.0,59.0,59.0,D,PERIODIC,-71.0,-13.0,29.0,5Mnsq15
"
2022.09.15_13.15.51",7.221323,43.669345,71.0,5G,5G,-83.0,-3.0,22.0,15.0,-,0.0,0.0,60.0,60.0,I,,-71.0,-13.0,29.0,5Mnsq15
"
2022.09.15_13.15.51",7.221323,43.669345,71.0,5G,5G,-83.0,-3.0,22.0,15.0,-,0.0,0.0,60.0,60.0,I,PERIODIC,-71.0,-13.0,29.0,5Mnsq15
"
2022.09.15_13.15.52",7.221323,43.669345,71.0,5G,5G,-83.0,-3.0,22.0,15.0,-,0.0,0.0,60.0,60.0,I,PERIODIC,-77.0,-13.0,22.0,5Mnsq15
"
2022.09.15_13.15.53",7.221323,43.669345,71.0,5G,5G,-83.0,-3.0,22.0,15.0,-,0.0,0.0,60.0,60.0,I,PERIODIC,-77.0,-13.0,22.0,5Mnsq15
"
2022.09.15_13.15.54",7.22122,43.669259999999994,71.0,5G,5G,-81.0,-3.0,21.0,15.0,-,0.0,0.0,59.0,59.0,D,,-77.0,-13.0,22.0,5Mnsq15
"
2022.09.15_13.15.54",7.22122,43.669259999999994,71.0,5G,5G,-81.0,-3.0,21.0,14.0,-,8.0,8.0,59.0,59.0,D,PERIODIC,-72.0,-13.0,19.0,5Mnsq15
"
2022.09.15_13.15.55",7.22122,43.669259999999994,71.0,5G,5G,-81.0,-3.0,21.0,14.0,-,43.0,41.0,59.0,59.0,D,PERIODIC,-72.0,-13.0,19.0,5Mnsq15
"
2022.09.15_13.15.56",7.22122,43.669259999999994,71.0,5G,5G,-83.0,-3.0,20.0,15.0,-,707.0,173.0,59.0,59.0,D,PERIODIC,-72.0,-13.0,21.0,5Mnsq15
"
2022.09.15_13.15.57",7.22122,43.669259999999994,71.0,5G,5G,-81.0,-3.0,22.0,15.0,-,8821.0,478.0,59.0,59.0,D,PERIODIC,-72.0,-13.0,21.0,5Mnsq15
"
2022.09.15_13.15.59",7.22122,43.669259999999994,71.0,5G,5G,-83.0,-3.0,21.0,15.0,-,81371.0,888.0,59.0,59.0,D,PERIODIC,-79.0,-9.0,24.0,5Mnsq15
"
2022.09.15_13.15.59",7.22122,43.669259999999994,71.0,5G,5G,-83.0,-3.0,21.0,15.0,-,29875.0,274.0,59.0,59.0,D,PERIODIC,-79.0,-9.0,24.0,5Mnsq15
"
2022.09.15_13.16.00",7.22122,43.669259999999994,71.0,5G,5G,-86.0,-3.0,22.0,15.0,-,3466.0,52.0,59.0,59.0,D,PERIODIC,-82.0,-14.0,24.0,5Mnsq15
"
2022.09.15_13.16.01",7.22122,43.669259999999994,71.0,5G,5G,-85.0,-3.0,22.0,15.0,-,8.0,11.0,59.0,59.0,D,PERIODIC,-82.0,-14.0,24.0,5Mnsq15
"
2022.09.15_13.16.02",7.22122,43.669259999999994,71.0,5G,5G,-85.0,-3.0,22.0,14.0,-,16301.0,150.0,59.0,59.0,D,PERIODIC,-79.0,-12.0,24.0,5Mnsq15
"
2022.09.15_13.16.03",7.22122,43.669259999999994,71.0,5G,5G,-82.0,-3.0,21.0,14.0,-,12.0,60.0,59.0,59.0,D,PERIODIC,-79.0,-12.0,24.0,5Mnsq15
"
2022.09.15_13.16.04",7.22116,43.669129999999996,71.0,5G,5G,-82.0,-3.0,21.0,14.0,-,12.0,60.0,62.0,62.0,D,,-79.0,-12.0,24.0,5Mnsq15
"
2022.09.15_13.16.04",7.22116,43.669129999999996,71.0,5G,5G,-82.0,-3.0,21.0,15.0,-,7.0,10.0,62.0,62.0,D,PERIODIC,-83.0,-13.0,24.0,5Mnsq15
"
2022.09.15_13.16.05",7.22116,43.669129999999996,71.0,5G,5G,-82.0,-3.0,21.0,15.0,-,58075.0,360.0,62.0,62.0,D,PERIODIC,-83.0,-13.0,24.0,5Mnsq15
"
2022.09.15_13.16.06",7.22116,43.669129999999996,71.0,5G,5G,-82.0,-3.0,21.0,14.0,-,8.0,33.0,62.0,62.0,D,PERIODIC,-77.0,-12.0,24.0,5Mnsq15
"
2022.09.15_13.16.07",7.22116,43.669129999999996,71.0,5G,5G,-82.0,-3.0,21.0,14.0,-,67.0,89.0,62.0,62.0,D,PERIODIC,-77.0,-12.0,24.0,5Mnsq15
"
2022.09.15_13.16.08",7.22116,43.669129999999996,71.0,5G,5G,-82.0,-3.0,21.0,15.0,-,3.0,10.0,62.0,62.0,D,PERIODIC,-79.0,-13.0,23.0,5Mnsq15
"
2022.09.15_13.16.09",7.22116,43.669129999999996,71.0,5G,5G,-83.0,-3.0,21.0,15.0,-,11.0,11.0,62.0,62.0,D,PERIODIC,-79.0,-13.0,23.0,5Mnsq15
"
2022.09.15_13.16.10",7.22116,43.669129999999996,71.0,5G,5G,-83.0,-3.0,21.0,14.0,-,16002.0,148.0,62.0,62.0,D,PERIODIC,-77.0,-12.0,22.0,5Mnsq15
"
2022.09.15_13.16.11",7.22116,43.669129999999996,71.0,5G,5G,-85.0,-3.0,21.0,14.0,-,92145.0,523.0,62.0,62.0,D,PERIODIC,-77.0,-12.0,22.0,5Mnsq15
"
2022.09.15_13.16.12",7.22116,43.669129999999996,71.0,5G,5G,-84.0,-3.0,21.0,11.0,-,17.0,33.0,62.0,62.0,D,PERIODIC,-79.0,-11.0,24.0,5Mnsq15
"
2022.09.15_13.16.13",7.22116,43.669129999999996,71.0,5G,5G,-84.0,-3.0,21.0,11.0,-,26.0,37.0,62.0,62.0,D,PERIODIC,-79.0,-11.0,24.0,5Mnsq15
"
2022.09.15_13.16.15",7.22116,43.669129999999996,71.0,5G,5G,-84.0,-3.0,21.0,10.0,-,7.0,10.0,62.0,62.0,D,PERIODIC,-77.0,-12.0,23.0,5Mnsq15
"
2022.09.15_13.16.16",7.22116,43.669129999999996,71.0,5G,5G,-84.0,-3.0,21.0,10.0,-,126315.0,802.0,62.0,62.0,D,PERIODIC,-77.0,-12.0,23.0,5Mnsq15
"
2022.09.15_13.16.17",7.22116,43.669129999999996,71.0,5G,5G,-84.0,-3.0,21.0,14.0,-,7.0,10.0,62.0,62.0,D,PERIODIC,-77.0,-12.0,4.0,5Mnsq15
"
2022.09.15_13.16.18",7.22116,43.669129999999996,71.0,5G,5G,-84.0,-3.0,21.0,14.0,-,8.0,11.0,62.0,62.0,D,PERIODIC,-77.0,-12.0,4.0,5Mnsq15
"
2022.09.15_13.16.19",7.22116,43.669129999999996,71.0,5G,5G,-85.0,-3.0,22.0,10.0,-,8.0,10.0,62.0,62.0,D,PERIODIC,-80.0,-11.0,23.0,5Mnsq15
"
2022.09.15_13.16.20",7.22116,43.669129999999996,71.0,5G,5G,-84.0,-3.0,22.0,10.0,-,82184.0,641.0,62.0,62.0,D,PERIODIC,-80.0,-11.0,23.0,5Mnsq15
"
2022.09.15_13.16.21",7.22116,43.669129999999996,71.0,5G,5G,-84.0,-3.0,22.0,14.0,-,7.0,10.0,62.0,62.0,D,PERIODIC,-76.0,-12.0,24.0,5Mnsq15
"
2022.09.15_13.16.22",7.22116,43.669129999999996,71.0,5G,5G,-84.0,-3.0,22.0,14.0,-,106090.0,737.0,62.0,62.0,D,PERIODIC,-76.0,-12.0,24.0,5Mnsq15
"
2022.09.15_13.16.23",7.22116,43.669129999999996,71.0,5G,5G,-84.0,-3.0,22.0,14.0,-,137.0,140.0,62.0,62.0,D,PERIODIC,-77.0,-13.0,23.0,5Mnsq15
"
2022.09.15_13.16.24",7.22116,43.669129999999996,71.0,5G,5G,-85.0,-3.0,21.0,14.0,-,84603.0,465.0,62.0,62.0,D,PERIODIC,-77.0,-13.0,23.0,5Mnsq15
"
2022.09.15_13.16.25",7.22116,43.669129999999996,71.0,5G,5G,-83.0,-3.0,21.0,9.0,-,12187.0,85.0,62.0,62.0,D,PERIODIC,-78.0,-12.0,27.0,5Mnsq15
"
2022.09.15_13.16.26",7.22116,43.669129999999996,71.0,5G,5G,-83.0,-3.0,21.0,9.0,-,7.0,10.0,62.0,62.0,D,PERIODIC,-78.0,-12.0,27.0,5Mnsq15
"
2022.09.15_13.16.27",7.22116,43.669129999999996,71.0,5G,5G,-83.0,-3.0,21.0,14.0,-,30275.0,147.0,62.0,62.0,D,PERIODIC,-76.0,-12.0,24.0,5Mnsq15
"
2022.09.15_13.16.28",7.22116,43.669129999999996,71.0,5G,5G,-79.0,-3.0,21.0,14.0,-,92090.0,583.0,62.0,62.0,D,PERIODIC,-76.0,-12.0,24.0,5Mnsq15
"
2022.09.15_13.16.29",7.22116,43.669129999999996,71.0,5G,5G,-81.0,-3.0,22.0,14.0,-,7.0,10.0,62.0,62.0,D,PERIODIC,-73.0,-12.0,25.0,5Mnsq15
"
2022.09.15_13.16.30",7.22116,43.669129999999996,71.0,5G,5G,-86.0,-3.0,21.0,14.0,-,18148.0,127.0,62.0,62.0,D,PERIODIC,-73.0,-12.0,25.0,5Mnsq15
"
2022.09.15_13.16.31",7.22116,43.669129999999996,71.0,5G,5G,-95.0,-3.0,19.0,12.0,-,35880.0,206.0,62.0,62.0,D,PERIODIC,-75.0,-12.0,23.0,5Mnsq15
"
2022.09.15_13.16.32",7.22116,43.669129999999996,71.0,5G,5G,-94.0,-3.0,18.0,12.0,-,7.0,27.0,62.0,62.0,D,PERIODIC,-75.0,-12.0,23.0,5Mnsq15
"
2022.09.15_13.16.32",7.2210600000000005,43.66904,71.0,5G,5G,-94.0,-3.0,18.0,12.0,-,7.0,27.0,61.0,61.0,D,,-75.0,-12.0,23.0,5Mnsq15
"
2022.09.15_13.16.33",7.2210600000000005,43.66904,71.0,5G,5G,-94.0,-3.0,15.0,12.0,-,104804.0,679.0,61.0,61.0,D,PERIODIC,-76.0,-13.0,-4.0,5Mnsq15
"
2022.09.15_13.16.34",7.2210600000000005,43.66904,71.0,5G,5G,-94.0,-3.0,15.0,12.0,-,7.0,10.0,61.0,61.0,D,PERIODIC,-76.0,-13.0,-4.0,5Mnsq15
"
2022.09.15_13.16.34",7.220938,43.66898,71.0,5G,5G,-94.0,-3.0,15.0,12.0,-,7.0,10.0,61.0,61.0,D,,-76.0,-13.0,-4.0,5Mnsq15
"
2022.09.15_13.16.35",7.220938,43.66898,71.0,5G,5G,-90.0,-3.0,20.0,15.0,-,111435.0,789.0,61.0,61.0,D,PERIODIC,-82.0,-13.0,27.0,5Mnsq15
"
2022.09.15_13.16.36",7.220938,43.66898,71.0,5G,5G,-91.0,-3.0,19.0,15.0,-,8.0,12.0,61.0,61.0,D,PERIODIC,-82.0,-13.0,27.0,5Mnsq15
"
2022.09.15_13.16.36",7.220803,43.668894,71.0,5G,5G,-91.0,-3.0,19.0,15.0,-,8.0,12.0,61.0,61.0,D,,-82.0,-13.0,27.0,5Mnsq15
"
2022.09.15_13.16.37",7.220803,43.668894,71.0,5G,5G,-91.0,-3.0,20.0,13.0,-,123729.0,808.0,61.0,61.0,D,PERIODIC,-70.0,-12.0,16.0,5Mnsq15
"
2022.09.15_13.16.38",7.220803,43.668894,71.0,5G,5G,-90.0,-3.0,20.0,13.0,-,7.0,24.0,61.0,61.0,D,PERIODIC,-70.0,-12.0,16.0,5Mnsq15
"
2022.09.15_13.16.38",7.220619999999999,43.668754,71.0,5G,5G,-90.0,-3.0,20.0,13.0,-,7.0,24.0,61.0,61.0,D,,-70.0,-12.0,16.0,5Mnsq15
"
2022.09.15_13.16.39",7.220619999999999,43.668754,71.0,5G,5G,-90.0,-3.0,20.0,13.0,-,12.0,27.0,61.0,61.0,D,PERIODIC,-71.0,-13.0,18.0,5Mnsq15
"
2022.09.15_13.16.39",7.220524,43.668682000000004,71.0,5G,5G,-90.0,-3.0,20.0,13.0,-,12.0,27.0,61.0,61.0,D,,-71.0,-13.0,18.0,5Mnsq15
"
2022.09.15_13.16.40",7.220524,43.668682000000004,71.0,5G,5G,-87.0,-3.0,20.0,13.0,-,116115.0,745.0,61.0,61.0,D,PERIODIC,-71.0,-13.0,18.0,5Mnsq15
"
2022.09.15_13.16.40",7.220425,43.668611,71.0,5G,5G,-87.0,-3.0,20.0,13.0,-,116115.0,745.0,62.0,62.0,D,,-71.0,-13.0,18.0,5Mnsq15
"
2022.09.15_13.16.41",7.220425,43.668611,71.0,5G,5G,-84.0,-3.0,19.0,15.0,-,8.0,11.0,62.0,62.0,D,PERIODIC,-69.0,-13.0,22.0,5Mnsq15
"
2022.09.15_13.16.41",7.220314999999999,43.668537,71.0,5G,5G,-84.0,-3.0,19.0,15.0,-,8.0,11.0,61.0,61.0,D,,-69.0,-13.0,22.0,5Mnsq15
"
2022.09.15_13.16.42",7.220314999999999,43.668537,71.0,5G,5G,-86.0,-3.0,18.0,15.0,-,101696.0,605.0,61.0,61.0,D,PERIODIC,-69.0,-13.0,22.0,5Mnsq15
"
2022.09.15_13.16.42",7.220198,43.668457000000004,71.0,5G,5G,-86.0,-3.0,18.0,15.0,-,101696.0,605.0,61.0,61.0,D,,-69.0,-13.0,22.0,5Mnsq15
"
2022.09.15_13.16.43",7.220198,43.668457000000004,71.0,5G,5G,-86.0,-3.0,18.0,13.0,-,44743.0,330.0,61.0,61.0,D,PERIODIC,-69.0,-11.0,20.0,5Mnsq15
"
2022.09.15_13.16.43",7.2200690000000005,43.668374,71.0,5G,5G,-86.0,-3.0,18.0,13.0,-,44743.0,330.0,61.0,61.0,D,,-69.0,-11.0,20.0,5Mnsq15
"
2022.09.15_13.16.44",7.2200690000000005,43.668374,71.0,5G,5G,-87.0,-3.0,18.0,13.0,-,7.0,10.0,61.0,61.0,D,PERIODIC,-69.0,-11.0,20.0,5Mnsq15
"
2022.09.15_13.16.44",7.219935,43.668290999999996,71.0,5G,5G,-87.0,-3.0,18.0,13.0,-,7.0,10.0,61.0,61.0,D,,-69.0,-11.0,20.0,5Mnsq15
"
2022.09.15_13.16.45",7.219935,43.668290999999996,71.0,5G,5G,-93.0,-3.0,13.0,15.0,-,105526.0,610.0,61.0,61.0,D,PERIODIC,-77.0,-11.0,20.0,5Mnsq15
"
2022.09.15_13.16.45",7.219799000000001,43.668209000000004,71.0,5G,5G,-93.0,-3.0,13.0,15.0,-,105526.0,610.0,60.0,60.0,D,,-77.0,-11.0,20.0,5Mnsq15
"
2022.09.15_13.16.46",7.219799000000001,43.668209000000004,71.0,5G,5G,-94.0,-3.0,18.0,15.0,-,543.0,14.0,60.0,60.0,D,PERIODIC,-77.0,-11.0,20.0,5Mnsq15
"
2022.09.15_13.16.46",7.219664,43.668134,71.0,5G,5G,-94.0,-3.0,18.0,15.0,-,543.0,14.0,60.0,60.0,D,,-77.0,-11.0,20.0,5Mnsq15
"
2022.09.15_13.16.47",7.219664,43.668134,71.0,5G,5G,-97.0,-3.0,15.0,11.0,-,11.0,31.0,60.0,60.0,D,PERIODIC,-73.0,-13.0,14.0,5Mnsq15
"
2022.09.15_13.16.47",7.2195279999999995,43.66806,71.0,5G,5G,-97.0,-3.0,15.0,11.0,-,11.0,31.0,59.0,59.0,D,,-73.0,-13.0,14.0,5Mnsq15
"
2022.09.15_13.16.48",7.2195279999999995,43.66806,71.0,5G,5G,-97.0,-3.0,15.0,11.0,-,115418.0,704.0,59.0,59.0,D,PERIODIC,-73.0,-13.0,14.0,5Mnsq15
"
2022.09.15_13.16.48",7.219394,43.667987,71.0,5G,5G,-97.0,-3.0,15.0,11.0,-,115418.0,704.0,59.0,59.0,D,,-73.0,-13.0,14.0,5Mnsq15
"
2022.09.15_13.16.49",7.219394,43.667987,71.0,5G,5G,-97.0,-3.0,15.0,14.0,-,8806.0,79.0,59.0,59.0,D,PERIODIC,-78.0,-12.0,19.0,5Mnsq15
"
2022.09.15_13.16.49",7.219257000000001,43.667919,71.0,5G,5G,-97.0,-3.0,15.0,14.0,-,8806.0,79.0,59.0,59.0,D,,-78.0,-12.0,19.0,5Mnsq15
"
2022.09.15_13.16.50",7.219257000000001,43.667919,71.0,5G,5G,-97.0,-3.0,15.0,14.0,-,3036.0,60.0,59.0,59.0,D,PERIODIC,-78.0,-12.0,19.0,5Mnsq15
"
2022.09.15_13.16.50",7.2191160000000005,43.667851,71.0,5G,5G,-97.0,-3.0,15.0,14.0,-,3036.0,60.0,58.0,58.0,D,,-78.0,-12.0,19.0,5Mnsq15
"
2022.09.15_13.16.51",7.2191160000000005,43.667851,71.0,5G,5G,-100.0,-3.0,18.0,11.0,-,115622.0,596.0,58.0,58.0,D,PERIODIC,-79.0,-12.0,16.0,5Mnsq15
"
2022.09.15_13.16.51",7.218971000000001,43.667784999999995,71.0,5G,5G,-100.0,-3.0,18.0,11.0,-,115622.0,596.0,58.0,58.0,D,,-79.0,-12.0,16.0,5Mnsq15
"
2022.09.15_13.16.52",7.218971000000001,43.667784999999995,71.0,5G,5G,-100.0,-3.0,18.0,11.0,-,8.0,11.0,58.0,58.0,D,PERIODIC,-79.0,-12.0,16.0,5Mnsq15
"
2022.09.15_13.16.52",7.218825,43.667722999999995,71.0,5G,5G,-100.0,-3.0,18.0,11.0,-,8.0,11.0,57.0,57.0,D,,-79.0,-12.0,16.0,5Mnsq15
"
2022.09.15_13.16.53",7.218825,43.667722999999995,71.0,5G,5G,-101.0,-3.0,18.0,11.0,-,7.0,11.0,57.0,57.0,D,PERIODIC,-79.0,-12.0,16.0,5Mnsq15
"
2022.09.15_13.16.53",7.218682,43.66766,71.0,5G,5G,-101.0,-3.0,18.0,11.0,-,7.0,11.0,57.0,57.0,D,,-79.0,-12.0,16.0,5Mnsq15
"
2022.09.15_13.16.54",7.218682,43.66766,71.0,5G,5G,-101.0,-3.0,18.0,12.0,-,109743.0,679.0,57.0,57.0,D,PERIODIC,-85.0,-13.0,20.0,5Mnsq15
"
2022.09.15_13.16.54",7.218533,43.667603,71.0,5G,5G,-101.0,-3.0,18.0,12.0,-,109743.0,679.0,56.0,56.0,D,,-85.0,-13.0,20.0,5Mnsq15
"
2022.09.15_13.16.55",7.218533,43.667603,71.0,5G,5G,-103.0,-3.0,18.0,12.0,-,7.0,10.0,56.0,56.0,D,PERIODIC,-85.0,-13.0,20.0,5Mnsq15
"
2022.09.15_13.16.55",7.218381,43.667545000000004,71.0,5G,5G,-103.0,-3.0,18.0,12.0,-,7.0,10.0,56.0,56.0,D,,-85.0,-13.0,20.0,5Mnsq15
"
2022.09.15_13.16.56",7.218381,43.667545000000004,71.0,5G,5G,-105.0,-4.0,17.0,12.0,-,116148.0,678.0,56.0,56.0,D,PERIODIC,-87.0,-12.0,18.0,5Mnsq15
"
2022.09.15_13.16.56",7.218230999999999,43.667489,71.0,5G,5G,-105.0,-4.0,17.0,12.0,-,116148.0,678.0,56.0,56.0,D,,-87.0,-12.0,18.0,5Mnsq15
"
2022.09.15_13.16.57",7.218230999999999,43.667489,71.0,5G,5G,-107.0,-3.0,13.0,12.0,-,3670.0,34.0,56.0,56.0,D,PERIODIC,-87.0,-12.0,18.0,5Mnsq15
"
2022.09.15_13.16.57",7.218077,43.667434,71.0,5G,5G,-107.0,-3.0,13.0,12.0,-,3670.0,34.0,55.0,55.0,D,,-87.0,-12.0,18.0,5Mnsq15
"
2022.09.15_13.16.58",7.218077,43.667434,71.0,5G,5G,-110.0,-3.0,13.0,13.0,-,71506.0,475.0,55.0,55.0,D,PERIODIC,-85.0,-11.0,16.0,5Mnsq15
"
2022.09.15_13.16.58",7.217917999999999,43.667382,71.0,5G,5G,-110.0,-3.0,13.0,13.0,-,71506.0,475.0,55.0,55.0,D,,-85.0,-11.0,16.0,5Mnsq15
"
2022.09.15_13.16.59",7.217917999999999,43.667382,71.0,5G,5G,-108.0,-3.0,10.0,13.0,-,51341.0,361.0,55.0,55.0,D,PERIODIC,-85.0,-11.0,16.0,5Mnsq15
"
2022.09.15_13.16.59",7.21776,43.667339,71.0,5G,5G,-108.0,-3.0,10.0,13.0,-,51341.0,361.0,55.0,55.0,D,,-85.0,-11.0,16.0,5Mnsq15
"
2022.09.15_13.17.00",7.21776,43.667339,71.0,5G,5G,-107.0,-3.0,14.0,13.0,-,7.0,10.0,55.0,55.0,D,PERIODIC,-85.0,-11.0,16.0,5Mnsq15
"
2022.09.15_13.17.00",7.217600999999999,43.6673,71.0,5G,5G,-107.0,-3.0,14.0,13.0,-,7.0,10.0,55.0,55.0,D,,-85.0,-11.0,16.0,5Mnsq15
"
2022.09.15_13.17.01",7.217600999999999,43.6673,71.0,5G,5G,-114.0,-10.0,6.0,14.0,-,105970.0,700.0,55.0,55.0,D,PERIODIC,-96.0,-12.0,7.0,5Mnsq15
"
2022.09.15_13.17.01",7.217446000000001,43.667260999999996,71.0,5G,5G,-114.0,-10.0,6.0,14.0,-,105970.0,700.0,55.0,55.0,D,,-96.0,-12.0,7.0,5Mnsq15
"
2022.09.15_13.17.02",7.217446000000001,43.667260999999996,71.0,5G,5G,-115.0,-4.0,4.0,14.0,-,3474.0,46.0,55.0,55.0,D,PERIODIC,-96.0,-12.0,7.0,5Mnsq15
"
2022.09.15_13.17.02",7.217289,43.667221000000005,71.0,5G,5G,-115.0,-4.0,4.0,14.0,-,3474.0,46.0,55.0,55.0,D,,-96.0,-12.0,7.0,5Mnsq15
"
2022.09.15_13.17.03",7.217289,43.667221000000005,71.0,5G,5G,-115.0,-4.0,4.0,8.0,-,74933.0,479.0,55.0,55.0,D,PERIODIC,-96.0,-11.0,9.0,5Mnsq15
"
2022.09.15_13.17.03",7.217136,43.667182000000004,71.0,5G,5G,-115.0,-4.0,4.0,8.0,-,74933.0,479.0,54.0,54.0,D,,-96.0,-11.0,9.0,5Mnsq15
"
2022.09.15_13.17.04",7.217136,43.667182000000004,71.0,5G,5G,-117.0,-5.0,4.0,8.0,-,103037.0,698.0,54.0,54.0,D,PERIODIC,-96.0,-11.0,9.0,5Mnsq15
"
2022.09.15_13.17.04",7.216977,43.667153000000006,71.0,5G,5G,-117.0,-5.0,4.0,8.0,-,103037.0,698.0,54.0,54.0,D,,-96.0,-11.0,9.0,5Mnsq15
"
2022.09.15_13.17.05",7.216977,43.667153000000006,71.0,5G,5G,-117.0,-5.0,4.0,10.0,-,7.0,10.0,54.0,54.0,D,PERIODIC,-95.0,-12.0,2.0,5Mnsq15
"
2022.09.15_13.17.05",7.2168149999999995,43.667123,71.0,5G,5G,-117.0,-5.0,4.0,10.0,-,7.0,10.0,54.0,54.0,D,,-95.0,-12.0,2.0,5Mnsq15
"
2022.09.15_13.17.06",7.2168149999999995,43.667123,71.0,5G,5G,-119.0,-9.0,-1.0,10.0,-,1196.0,58.0,54.0,54.0,D,PERIODIC,-95.0,-12.0,2.0,5Mnsq15
"
2022.09.15_13.17.06",7.216641,43.667096,71.0,5G,5G,-119.0,-9.0,-1.0,10.0,-,1196.0,58.0,55.0,55.0,D,,-95.0,-12.0,2.0,5Mnsq15
"
2022.09.15_13.17.07",7.216641,43.667096,71.0,5G,5G,-119.0,-9.0,-1.0,6.0,-,77924.0,896.0,55.0,55.0,D,PERIODIC,-97.0,-14.0,4.0,5Mnsq15
"
2022.09.15_13.17.07",7.2164779999999995,43.667072,71.0,5G,5G,-119.0,-9.0,-1.0,6.0,-,77924.0,896.0,55.0,55.0,D,,-97.0,-14.0,4.0,5Mnsq15
"
2022.09.15_13.17.08",7.2164779999999995,43.667072,71.0,5G,5G,-119.0,-9.0,-1.0,6.0,-,37643.0,252.0,55.0,55.0,D,PERIODIC,-97.0,-14.0,4.0,5Mnsq15
"
2022.09.15_13.17.08",7.216303,43.667045,71.0,5G,5G,-119.0,-9.0,-1.0,6.0,-,37643.0,252.0,54.0,54.0,D,,-97.0,-14.0,4.0,5Mnsq15
"
2022.09.15_13.17.09",7.216303,43.667045,71.0,5G,5G,-119.0,-9.0,-1.0,8.0,-,8.0,30.0,54.0,54.0,D,PERIODIC,-101.0,-16.0,0.0,5Mnsq15
"
2022.09.15_13.17.09",7.216127,43.667019,71.0,5G,5G,-119.0,-9.0,-1.0,8.0,-,8.0,30.0,54.0,54.0,D,,-101.0,-16.0,0.0,5Mnsq15
"
2022.09.15_13.17.10",7.216127,43.667019,71.0,5G,5G,-119.0,-9.0,-1.0,8.0,-,102505.0,606.0,54.0,54.0,D,PERIODIC,-101.0,-16.0,0.0,5Mnsq15
"
2022.09.15_13.17.10",7.215955,43.666993,71.0,5G,5G,-119.0,-9.0,-1.0,8.0,-,102505.0,606.0,53.0,53.0,D,,-101.0,-16.0,0.0,5Mnsq15
"
2022.09.15_13.17.11",7.215955,43.666993,71.0,5G,5G,-122.0,-9.0,-1.0,5.0,-,14919.0,111.0,53.0,53.0,D,PERIODIC,-100.0,-18.0,-8.0,5Mnsq15
"
2022.09.15_13.17.11",7.215785,43.666971999999994,71.0,5G,5G,-122.0,-9.0,-1.0,5.0,-,14919.0,111.0,54.0,54.0,D,,-100.0,-18.0,-8.0,5Mnsq15
"
2022.09.15_13.17.12",7.215785,43.666971999999994,71.0,5G,5G,-122.0,-9.0,-1.0,6.0,-,7.0,17.0,54.0,54.0,D,IRAT_HANDOVER_DATA_4G5G,-95.0,-13.0,-10.0,5Mnsq15
"
2022.09.15_13.17.12",7.2156270000000005,43.666957000000004,71.0,5G,5G,-122.0,-9.0,-1.0,6.0,-,7.0,17.0,53.0,53.0,D,,-95.0,-13.0,-10.0,5Mnsq15
"
2022.09.15_13.17.13",7.2156270000000005,43.666957000000004,71.0,5G,5G,-125.0,-12.0,-4.0,6.0,-,61686.0,434.0,53.0,53.0,D,PERIODIC,-93.0,-12.0,5.0,5Mnsq15
"
2022.09.15_13.17.13",7.215459,43.666937,71.0,5G,5G,-125.0,-12.0,-4.0,6.0,-,61686.0,434.0,53.0,53.0,D,,-93.0,-12.0,5.0,5Mnsq15
"
2022.09.15_13.17.14",7.215459,43.666937,71.0,5G,5G,-121.0,-10.0,-1.0,6.0,-,7.0,10.0,53.0,53.0,D,PERIODIC,-93.0,-12.0,5.0,5Mnsq15
"
2022.09.15_13.17.14",7.215289,43.666918,71.0,5G,5G,-121.0,-10.0,-1.0,6.0,-,7.0,10.0,53.0,53.0,D,,-93.0,-12.0,5.0,5Mnsq15
"
2022.09.15_13.17.15",7.215289,43.666918,71.0,5G,5G,-121.0,-10.0,-1.0,6.0,-,71030.0,432.0,53.0,53.0,D,PERIODIC,-84.0,-11.0,6.0,5Mnsq15
"
2022.09.15_13.17.15",7.2151190000000005,43.666901,71.0,5G,5G,-121.0,-10.0,-1.0,6.0,-,71030.0,432.0,54.0,54.0,D,,-84.0,-11.0,6.0,5Mnsq15
"
2022.09.15_13.17.16",7.2151190000000005,43.666901,71.0,5G,5G,-117.0,-7.0,1.0,6.0,-,37166.0,234.0,54.0,54.0,D,PERIODIC,-84.0,-11.0,6.0,5Mnsq15
"
2022.09.15_13.17.16",7.21495,43.666884,71.0,5G,5G,-117.0,-7.0,1.0,6.0,-,37166.0,234.0,54.0,54.0,D,,-84.0,-11.0,6.0,5Mnsq15
"
2022.09.15_13.17.17",7.2147809999999994,43.666868,71.0,5G,5G,-117.0,-7.0,1.0,7.0,-,7.0,10.0,54.0,54.0,D,,-86.0,-10.0,8.0,5Mnsq15
"
2022.09.15_13.17.17",7.2147809999999994,43.666868,71.0,5G,5G,-117.0,-7.0,1.0,7.0,-,7.0,10.0,54.0,54.0,D,PERIODIC,-86.0,-10.0,8.0,5Mnsq15
"
2022.09.15_13.17.18",7.214613000000001,43.666851,71.0,5G,5G,-121.0,-10.0,2.0,7.0,-,73288.0,461.0,54.0,54.0,D,,-86.0,-10.0,8.0,5Mnsq15
"
2022.09.15_13.17.18",7.214613000000001,43.666851,71.0,5G,5G,-121.0,-10.0,2.0,7.0,-,73288.0,461.0,54.0,54.0,D,PERIODIC,-86.0,-10.0,8.0,5Mnsq15
"
2022.09.15_13.17.19",7.214441000000001,43.666829,71.0,5G,5G,-121.0,-10.0,2.0,7.0,-,7522.0,51.0,54.0,54.0,D,,-86.0,-10.0,8.0,5Mnsq15
"
2022.09.15_13.17.19",7.214441000000001,43.666829,71.0,5G,5G,-121.0,-10.0,2.0,4.0,-,7522.0,51.0,54.0,54.0,D,PERIODIC,-88.0,-14.0,6.0,5Mnsq15
"
2022.09.15_13.17.20",7.214271000000001,43.666809,71.0,5G,5G,-110.0,-3.0,8.0,4.0,-,11608.0,124.0,55.0,55.0,D,,-88.0,-14.0,6.0,5Mnsq15
"
2022.09.15_13.17.20",7.214271000000001,43.666809,73.0,5G,5G,-110.0,-3.0,8.0,6.0,-,11608.0,124.0,55.0,55.0,D,HANDOVER_DATA_5G5G,-78.0,-12.0,-3.0,5Mnsq15
"
2022.09.15_13.17.21",7.214107,43.66679,73.0,5G,5G,-108.0,-5.0,10.0,6.0,-,95515.0,536.0,55.0,55.0,D,,-78.0,-12.0,-3.0,5Mnsq15
"
2022.09.15_13.17.21",7.214107,43.66679,73.0,5G,5G,-108.0,-5.0,10.0,6.0,-,95515.0,536.0,55.0,55.0,D,PERIODIC,-78.0,-11.0,11.0,5Mnsq15
"
2022.09.15_13.17.22",7.213941999999999,43.666773,73.0,5G,5G,-109.0,-5.0,9.0,6.0,-,67399.0,444.0,55.0,55.0,D,,-78.0,-11.0,11.0,5Mnsq15
"
2022.09.15_13.17.22",7.213941999999999,43.666773,73.0,5G,5G,-109.0,-5.0,9.0,6.0,-,67399.0,444.0,55.0,55.0,D,PERIODIC,-78.0,-11.0,11.0,5Mnsq15
"
2022.09.15_13.17.23",7.213787,43.666756,73.0,5G,5G,-107.0,-3.0,12.0,6.0,-,39499.0,312.0,56.0,56.0,D,,-78.0,-11.0,11.0,5Mnsq15
"
2022.09.15_13.17.23",7.213787,43.666756,73.0,5G,5G,-107.0,-3.0,12.0,7.0,-,39499.0,312.0,56.0,56.0,D,PERIODIC,-85.0,-16.0,3.0,5Mnsq15
"
2022.09.15_13.17.24",7.2136320000000005,43.666736,73.0,5G,5G,-90.0,-3.0,20.0,7.0,-,8.0,10.0,56.0,56.0,D,,-85.0,-16.0,3.0,5Mnsq15
"
2022.09.15_13.17.24",7.2136320000000005,43.666736,73.0,5G,5G,-90.0,-3.0,20.0,7.0,-,8.0,10.0,56.0,56.0,D,PERIODIC,-85.0,-16.0,3.0,5Mnsq15
"
2022.09.15_13.17.25",7.213475999999999,43.666719,73.0,5G,5G,-90.0,-3.0,20.0,7.0,-,28436.0,185.0,56.0,56.0,D,,-85.0,-16.0,3.0,5Mnsq15
"
2022.09.15_13.17.25",7.213475999999999,43.666719,73.0,5G,5G,-90.0,-3.0,20.0,5.0,-,28436.0,185.0,56.0,56.0,D,PERIODIC,-84.0,-17.0,-1.0,5Mnsq15
"
2022.09.15_13.17.26",7.21333,43.666703999999996,73.0,5G,5G,-90.0,-3.0,20.0,5.0,-,82350.0,534.0,56.0,56.0,D,,-84.0,-17.0,-1.0,5Mnsq15
"
2022.09.15_13.17.26",7.21333,43.666703999999996,71.0,5G,5G,-90.0,-3.0,20.0,6.0,-,82350.0,534.0,56.0,56.0,D,HANDOVER_DATA_5G5G,-80.0,-12.0,-6.0,5Mnsq15
"
2022.09.15_13.17.27",7.213183,43.666686,71.0,5G,5G,-112.0,-3.0,7.0,6.0,-,3263.0,138.0,57.0,57.0,D,,-80.0,-12.0,-6.0,5Mnsq15
"
2022.09.15_13.17.27",7.213183,43.666686,71.0,5G,5G,-112.0,-3.0,7.0,5.0,-,3263.0,138.0,57.0,57.0,D,PERIODIC,-78.0,-17.0,-2.0,5Mnsq15
"
2022.09.15_13.17.28",7.213033,43.666669,71.0,5G,5G,-112.0,-3.0,7.0,5.0,-,85394.0,504.0,57.0,57.0,D,,-78.0,-17.0,-2.0,5Mnsq15
"
2022.09.15_13.17.28",7.213033,43.666669,71.0,5G,5G,-112.0,-3.0,7.0,5.0,-,85394.0,504.0,57.0,57.0,D,PERIODIC,-78.0,-17.0,-2.0,5Mnsq15
"
2022.09.15_13.17.29",7.212883000000001,43.66665,71.0,5G,5G,-113.0,-5.0,7.0,5.0,-,14.0,11.0,57.0,57.0,D,,-78.0,-17.0,-2.0,5Mnsq15
"
2022.09.15_13.17.29",7.212883000000001,43.66665,71.0,5G,5G,-113.0,-5.0,7.0,14.0,-,14.0,11.0,57.0,57.0,D,PERIODIC,-75.0,-6.0,4.0,5Mnsq15
"
2022.09.15_13.17.30",7.2127360000000005,43.666633000000004,71.0,5G,5G,-111.0,-3.0,6.0,14.0,-,2.0,10.0,57.0,57.0,D,,-75.0,-6.0,4.0,5Mnsq15
"
2022.09.15_13.17.30",7.2127360000000005,43.666633000000004,71.0,5G,5G,-111.0,-3.0,6.0,14.0,-,2.0,10.0,57.0,57.0,D,PERIODIC,-75.0,-6.0,4.0,5Mnsq15
"
2022.09.15_13.17.31",7.212592999999999,43.666616999999995,71.0,5G,5G,-114.0,-5.0,3.0,14.0,-,102128.0,669.0,57.0,57.0,D,,-75.0,-6.0,4.0,5Mnsq15
"
2022.09.15_13.17.31",7.212592999999999,43.666616999999995,71.0,5G,5G,-114.0,-5.0,3.0,12.0,-,102128.0,669.0,57.0,57.0,D,PERIODIC,-66.0,-9.0,20.0,5Mnsq15
"
2022.09.15_13.17.32",7.2124440000000005,43.666602000000005,71.0,5G,5G,-115.0,-5.0,2.0,12.0,-,102128.0,669.0,57.0,57.0,D,,-66.0,-9.0,20.0,5Mnsq15
"
2022.09.15_13.17.32",7.2124440000000005,43.666602000000005,71.0,5G,5G,-115.0,-5.0,2.0,12.0,-,14.0,13.0,57.0,57.0,D,PERIODIC,-66.0,-9.0,20.0,5Mnsq15
"
2022.09.15_13.17.33",7.212292999999999,43.666585999999995,71.0,5G,5G,-115.0,-5.0,2.0,12.0,-,104338.0,612.0,58.0,58.0,D,,-66.0,-9.0,20.0,5Mnsq15
"
2022.09.15_13.17.33",7.212292999999999,43.666585999999995,71.0,5G,5G,-115.0,-5.0,2.0,15.0,-,104338.0,612.0,58.0,58.0,D,PERIODIC,-61.0,-5.0,18.0,5Mnsq15
"
2022.09.15_13.17.34",7.212141,43.666571000000005,71.0,5G,5G,-113.0,-3.0,6.0,15.0,-,104338.0,612.0,58.0,58.0,D,,-61.0,-5.0,18.0,5Mnsq15
"
2022.09.15_13.17.34",7.212141,43.666571000000005,71.0,5G,5G,-113.0,-3.0,6.0,15.0,-,2.0,10.0,58.0,58.0,D,PERIODIC,-61.0,-5.0,18.0,5Mnsq15
"
2022.09.15_13.17.35",7.211987,43.666554,71.0,5G,5G,-110.0,-3.0,6.0,15.0,-,2.0,10.0,58.0,58.0,D,,-61.0,-5.0,18.0,5Mnsq15
"
2022.09.15_13.17.35",7.211987,43.666554,71.0,5G,5G,-110.0,-3.0,6.0,11.0,-,99643.0,637.0,58.0,58.0,D,PERIODIC,-57.0,-6.0,14.0,5Mnsq15
"
2022.09.15_13.17.36",7.211836,43.666538,71.0,5G,5G,-108.0,-3.0,5.0,11.0,-,99643.0,637.0,58.0,58.0,D,,-57.0,-6.0,14.0,5Mnsq15
"
2022.09.15_13.17.36",7.211836,43.666538,71.0,5G,5G,-108.0,-3.0,5.0,11.0,-,31780.0,217.0,58.0,58.0,D,PERIODIC,-57.0,-6.0,14.0,5Mnsq15
"
2022.09.15_13.17.37",7.211689999999999,43.666524,71.0,5G,5G,-101.0,-3.0,11.0,11.0,-,31780.0,217.0,58.0,58.0,D,,-57.0,-6.0,14.0,5Mnsq15
"
2022.09.15_13.17.37",7.211689999999999,43.666524,71.0,5G,5G,-101.0,-3.0,11.0,11.0,-,8.0,12.0,58.0,58.0,D,PERIODIC,-53.0,-7.0,17.0,5Mnsq15
"
2022.09.15_13.17.38",7.21155,43.666509000000005,71.0,5G,5G,-92.0,-3.0,19.0,11.0,-,8.0,12.0,58.0,58.0,D,,-53.0,-7.0,17.0,5Mnsq15
"
2022.09.15_13.17.38",7.21155,43.666509000000005,71.0,5G,5G,-92.0,-3.0,19.0,11.0,-,106862.0,822.0,58.0,58.0,D,PERIODIC,-53.0,-7.0,17.0,5Mnsq15
"
2022.09.15_13.17.39",7.2114199999999995,43.666494,71.0,5G,5G,-88.0,-3.0,21.0,11.0,-,106862.0,822.0,58.0,58.0,D,,-53.0,-7.0,17.0,5Mnsq15
"
2022.09.15_13.17.39",7.2114199999999995,43.666494,71.0,5G,5G,-88.0,-3.0,21.0,7.0,-,5.0,10.0,58.0,58.0,D,PERIODIC,-62.0,-9.0,4.0,5Mnsq15
"
2022.09.15_13.17.40",7.2114199999999995,43.666494,71.0,5G,5G,-96.0,-3.0,17.0,7.0,-,10.0,11.0,58.0,58.0,D,PERIODIC,-62.0,-9.0,4.0,5Mnsq15
"
2022.09.15_13.17.41",7.211188000000001,43.666467,71.0,5G,5G,-92.0,-3.0,20.0,7.0,-,10.0,11.0,58.0,58.0,D,,-62.0,-9.0,4.0,5Mnsq15
"
2022.09.15_13.17.41",7.211188000000001,43.666467,71.0,5G,5G,-92.0,-3.0,20.0,15.0,-,62780.0,487.0,58.0,58.0,D,PERIODIC,-64.0,-9.0,12.0,5Mnsq15
"
2022.09.15_13.17.42",7.211188000000001,43.666467,71.0,5G,5G,-92.0,-3.0,20.0,15.0,-,42731.0,266.0,58.0,58.0,D,PERIODIC,-64.0,-9.0,12.0,5Mnsq15
"
2022.09.15_13.17.43",7.211003,43.666447,71.0,5G,5G,-92.0,-3.0,20.0,15.0,-,42731.0,266.0,58.0,58.0,D,,-64.0,-9.0,12.0,5Mnsq15
"
2022.09.15_13.17.43",7.211003,43.666447,71.0,5G,5G,-92.0,-3.0,20.0,15.0,-,7.0,12.0,58.0,58.0,D,PERIODIC,-64.0,-8.0,14.0,5Mnsq15
"
2022.09.15_13.17.44",7.211003,43.666447,71.0,5G,5G,-106.0,-3.0,12.0,15.0,-,68066.0,407.0,58.0,58.0,D,PERIODIC,-64.0,-8.0,14.0,5Mnsq15
"
2022.09.15_13.17.45",7.21088,43.666433000000005,71.0,5G,5G,-106.0,-3.0,12.0,15.0,-,68066.0,407.0,58.0,58.0,D,,-64.0,-8.0,14.0,5Mnsq15
"
2022.09.15_13.17.45",7.21088,43.666433000000005,71.0,5G,5G,-106.0,-3.0,12.0,15.0,-,8514.0,77.0,58.0,58.0,D,PERIODIC,-61.0,-11.0,17.0,5Mnsq15
"
2022.09.15_13.17.46",7.21088,43.666433000000005,71.0,5G,5G,-102.0,-3.0,17.0,15.0,-,31052.0,236.0,58.0,58.0,D,PERIODIC,-61.0,-11.0,17.0,5Mnsq15
"
2022.09.15_13.17.47",7.21088,43.666433000000005,71.0,5G,5G,-106.0,-4.0,14.0,15.0,-,73417.0,526.0,58.0,58.0,D,PERIODIC,-60.0,-10.0,20.0,5Mnsq15
"
2022.09.15_13.17.48",7.21088,43.666433000000005,71.0,5G,5G,-105.0,-3.0,17.0,15.0,-,2.0,10.0,58.0,58.0,D,PERIODIC,-60.0,-10.0,20.0,5Mnsq15
"
2022.09.15_13.17.49",7.21088,43.666433000000005,71.0,5G,5G,-105.0,-3.0,16.0,13.0,-,12.0,30.0,58.0,58.0,D,PERIODIC,-66.0,-9.0,15.0,5Mnsq15
"
2022.09.15_13.17.50",7.21088,43.666433000000005,71.0,5G,5G,-106.0,-3.0,17.0,13.0,-,99983.0,625.0,58.0,58.0,D,PERIODIC,-66.0,-9.0,15.0,5Mnsq15
"
2022.09.15_13.17.51",7.21088,43.666433000000005,71.0,5G,5G,-106.0,-3.0,17.0,15.0,-,7.0,10.0,58.0,58.0,D,PERIODIC,-63.0,-7.0,21.0,5Mnsq15
"
2022.09.15_13.17.52",7.21088,43.666433000000005,71.0,5G,5G,-106.0,-3.0,17.0,15.0,-,111173.0,784.0,58.0,58.0,D,PERIODIC,-63.0,-7.0,21.0,5Mnsq15
"
2022.09.15_13.17.53",7.21088,43.666433000000005,71.0,5G,5G,-106.0,-3.0,17.0,15.0,-,7.0,10.0,58.0,58.0,D,PERIODIC,-62.0,-7.0,21.0,5Mnsq15
"
2022.09.15_13.17.54",7.21088,43.666433000000005,71.0,5G,5G,-106.0,-3.0,17.0,15.0,-,9.0,13.0,58.0,58.0,D,PERIODIC,-62.0,-7.0,21.0,5Mnsq15
"
2022.09.15_13.17.55",7.21088,43.666433000000005,71.0,5G,5G,-106.0,-3.0,17.0,15.0,-,110317.0,736.0,58.0,58.0,D,PERIODIC,-62.0,-7.0,22.0,5Mnsq15
"
2022.09.15_13.17.56",7.21088,43.666433000000005,71.0,5G,5G,-106.0,-3.0,17.0,15.0,-,7.0,10.0,58.0,58.0,D,PERIODIC,-62.0,-7.0,22.0,5Mnsq15
"
2022.09.15_13.17.57",7.21088,43.666433000000005,71.0,5G,5G,-106.0,-3.0,17.0,14.0,-,102283.0,755.0,58.0,58.0,D,PERIODIC,-63.0,-8.0,17.0,5Mnsq15
"
2022.09.15_13.17.58",7.21088,43.666433000000005,71.0,5G,5G,-106.0,-3.0,17.0,14.0,-,11.0,26.0,58.0,58.0,D,PERIODIC,-63.0,-8.0,17.0,5Mnsq15
"
2022.09.15_13.17.59",7.21088,43.666433000000005,71.0,5G,5G,-106.0,-3.0,17.0,13.0,-,1.0,87.0,58.0,58.0,D,PERIODIC,-62.0,-6.0,21.0,5Mnsq15
"
2022.09.15_13.18.00",7.21088,43.666433000000005,71.0,5G,5G,-106.0,-3.0,17.0,13.0,-,0.0,68.0,58.0,58.0,D,PERIODIC,-62.0,-6.0,21.0,5Mnsq15
"
2022.09.15_13.18.01",7.21088,43.666433000000005,71.0,5G,5G,-106.0,-3.0,17.0,13.0,-,1.0,27.0,58.0,58.0,D,PERIODIC,-62.0,-7.0,21.0,5Mnsq15
"
2022.09.15_13.18.02",7.21088,43.666433000000005,71.0,5G,5G,-106.0,-3.0,17.0,13.0,-,0.0,6.0,58.0,58.0,D,PERIODIC,-62.0,-7.0,21.0,5Mnsq15
"
2022.09.15_13.18.03",7.21088,43.666433000000005,71.0,5G,5G,-106.0,-3.0,17.0,13.0,-,0.0,10.0,58.0,58.0,D,PERIODIC,-62.0,-7.0,21.0,5Mnsq15
"
2022.09.15_13.18.04",7.21088,43.666433000000005,71.0,5G,5G,-106.0,-3.0,17.0,13.0,-,0.0,7.0,58.0,58.0,D,PERIODIC,-62.0,-7.0,21.0,5Mnsq15
"
2022.09.15_13.18.05",7.21088,43.666433000000005,71.0,5G,5G,-106.0,-3.0,17.0,13.0,-,109801.0,1055.0,58.0,58.0,D,PERIODIC,-62.0,-7.0,21.0,5Mnsq15
"
2022.09.15_13.18.06",7.21088,43.666433000000005,71.0,5G,5G,-106.0,-3.0,17.0,13.0,-,26779.0,211.0,58.0,58.0,D,PERIODIC,-62.0,-7.0,21.0,5Mnsq15
"
2022.09.15_13.18.07",7.21088,43.666433000000005,71.0,5G,5G,-106.0,-3.0,17.0,13.0,-,36633.0,239.0,58.0,58.0,D,PERIODIC,-63.0,-12.0,21.0,5Mnsq15
"
2022.09.15_13.18.08",7.21088,43.666433000000005,71.0,5G,5G,-106.0,-3.0,17.0,13.0,-,48210.0,345.0,58.0,58.0,D,PERIODIC,-63.0,-12.0,21.0,5Mnsq15
"
2022.09.15_13.18.09",7.21088,43.666433000000005,71.0,5G,5G,-101.0,-3.0,19.0,13.0,-,91185.0,512.0,58.0,58.0,D,PERIODIC,-62.0,-7.0,20.0,5Mnsq15
"
2022.09.15_13.18.11",7.21088,43.666433000000005,71.0,5G,5G,-103.0,-3.0,18.0,13.0,-,127456.0,747.0,58.0,58.0,D,PERIODIC,-62.0,-7.0,20.0,5Mnsq15
"
2022.09.15_13.18.11",7.21088,43.666433000000005,71.0,5G,5G,-103.0,-3.0,18.0,13.0,-,139865.0,910.0,58.0,58.0,D,PERIODIC,-63.0,-11.0,20.0,5Mnsq15
"
2022.09.15_13.18.12",7.21088,43.666433000000005,71.0,5G,5G,-103.0,-3.0,18.0,13.0,-,13.0,17.0,58.0,58.0,D,PERIODIC,-63.0,-11.0,20.0,5Mnsq15
"
2022.09.15_13.18.13",7.21088,43.666433000000005,71.0,5G,5G,-103.0,-3.0,18.0,13.0,-,125592.0,861.0,58.0,58.0,D,PERIODIC,-64.0,-7.0,20.0,5Mnsq15
"
2022.09.15_13.18.14",7.21088,43.666433000000005,71.0,5G,5G,-103.0,-3.0,20.0,13.0,-,29.0,12.0,58.0,58.0,D,PERIODIC,-64.0,-7.0,20.0,5Mnsq15
"
2022.09.15_13.18.15",7.21088,43.666433000000005,71.0,5G,5G,-103.0,-3.0,20.0,13.0,-,108047.0,727.0,58.0,58.0,D,PERIODIC,-62.0,-9.0,20.0,5Mnsq15
"
2022.09.15_13.18.16",7.21088,43.666433000000005,71.0,5G,5G,-103.0,-3.0,20.0,13.0,-,1316.0,18.0,58.0,58.0,D,PERIODIC,-62.0,-9.0,20.0,5Mnsq15
"
2022.09.15_13.18.17",7.21088,43.666433000000005,71.0,5G,5G,-103.0,-3.0,20.0,13.0,-,12207.0,122.0,58.0,58.0,D,PERIODIC,-62.0,-6.0,19.0,5Mnsq15
"
2022.09.15_13.18.18",7.21088,43.666433000000005,71.0,5G,5G,-103.0,-3.0,20.0,13.0,-,103965.0,625.0,58.0,58.0,D,PERIODIC,-62.0,-6.0,19.0,5Mnsq15
"
2022.09.15_13.18.20",7.21088,43.666433000000005,71.0,5G,5G,-103.0,-3.0,20.0,13.0,-,7.0,10.0,58.0,58.0,D,PERIODIC,-62.0,-10.0,20.0,5Mnsq15
"
2022.09.15_13.18.21",7.21088,43.666433000000005,71.0,5G,5G,-103.0,-3.0,20.0,13.0,-,8.0,12.0,58.0,58.0,D,PERIODIC,-62.0,-10.0,20.0,5Mnsq15
"
2022.09.15_13.18.22",7.21088,43.666433000000005,71.0,5G,5G,-103.0,-3.0,20.0,13.0,-,68231.0,455.0,58.0,58.0,D,PERIODIC,-62.0,-7.0,21.0,5Mnsq15
"
2022.09.15_13.18.23",7.21088,43.666433000000005,71.0,5G,5G,-103.0,-3.0,20.0,13.0,-,29511.0,241.0,58.0,58.0,D,PERIODIC,-62.0,-7.0,21.0,5Mnsq15
"
2022.09.15_13.18.24",7.21088,43.666433000000005,71.0,5G,5G,-103.0,-3.0,20.0,13.0,-,63521.0,378.0,58.0,58.0,D,PERIODIC,-62.0,-7.0,20.0,5Mnsq15
"
2022.09.15_13.18.25",7.21088,43.666433000000005,71.0,5G,5G,-103.0,-3.0,20.0,13.0,-,38218.0,242.0,58.0,58.0,D,PERIODIC,-62.0,-7.0,20.0,5Mnsq15
"
2022.09.15_13.18.26",7.21088,43.666433000000005,71.0,5G,5G,-103.0,-3.0,20.0,14.0,-,7.0,10.0,58.0,58.0,D,PERIODIC,-62.0,-7.0,21.0,5Mnsq15
"
2022.09.15_13.18.27",7.21088,43.666433000000005,71.0,5G,5G,-103.0,-3.0,20.0,14.0,-,8.0,47.0,58.0,58.0,D,PERIODIC,-62.0,-7.0,21.0,5Mnsq15
"
2022.09.15_13.18.28",7.21088,43.666433000000005,71.0,5G,5G,-103.0,-3.0,20.0,13.0,-,104997.0,646.0,58.0,58.0,D,PERIODIC,-62.0,-8.0,21.0,5Mnsq15
"
2022.09.15_13.18.29",7.21088,43.666433000000005,71.0,5G,5G,-103.0,-3.0,20.0,13.0,-,7.0,27.0,58.0,58.0,D,PERIODIC,-62.0,-8.0,21.0,5Mnsq15
"
2022.09.15_13.18.30",7.21088,43.666433000000005,71.0,5G,5G,-103.0,-3.0,20.0,12.0,-,103371.0,623.0,58.0,58.0,D,PERIODIC,-61.0,-7.0,19.0,5Mnsq15
"
2022.09.15_13.18.31",7.21088,43.666433000000005,71.0,5G,5G,-103.0,-3.0,20.0,12.0,-,7.0,10.0,58.0,58.0,D,PERIODIC,-61.0,-7.0,19.0,5Mnsq15
"
2022.09.15_13.18.32",7.21088,43.666433000000005,71.0,5G,5G,-105.0,-3.0,17.0,13.0,-,7.0,11.0,58.0,58.0,D,PERIODIC,-63.0,-7.0,16.0,5Mnsq15
"
2022.09.15_13.18.33",7.21088,43.666433000000005,71.0,5G,5G,-105.0,-3.0,17.0,13.0,-,86183.0,601.0,58.0,58.0,D,PERIODIC,-63.0,-7.0,16.0,5Mnsq15
"
2022.09.15_13.18.33",7.210744,43.666426,71.0,5G,5G,-105.0,-3.0,17.0,13.0,-,86183.0,601.0,59.0,59.0,D,,-63.0,-7.0,16.0,5Mnsq15
"
2022.09.15_13.18.34",7.210744,43.666426,71.0,5G,5G,-105.0,-3.0,16.0,13.0,-,7.0,10.0,59.0,59.0,D,PERIODIC,-57.0,-14.0,17.0,5Mnsq15
"
2022.09.15_13.18.35",7.210744,43.666426,71.0,5G,5G,-105.0,-3.0,14.0,13.0,-,72293.0,559.0,59.0,59.0,D,PERIODIC,-57.0,-14.0,17.0,5Mnsq15
"
2022.09.15_13.18.36",7.210744,43.666426,71.0,5G,5G,-110.0,-6.0,9.0,10.0,-,36.0,18.0,59.0,59.0,D,PERIODIC,-64.0,-13.0,11.0,5Mnsq15
"
2022.09.15_13.18.36",7.210609,43.66641,71.0,5G,5G,-110.0,-6.0,9.0,10.0,-,36.0,18.0,58.0,58.0,D,,-64.0,-13.0,11.0,5Mnsq15
"
2022.09.15_13.18.37",7.210609,43.66641,71.0,5G,5G,-110.0,-6.0,9.0,10.0,-,17.0,20.0,58.0,58.0,D,PERIODIC,-64.0,-13.0,11.0,5Mnsq15
"
2022.09.15_13.18.38",7.210609,43.66641,71.0,5G,5G,-98.0,-3.0,19.0,12.0,-,8.0,68.0,58.0,58.0,D,PERIODIC,-57.0,-6.0,15.0,5Mnsq15
"
2022.09.15_13.18.39",7.210609,43.66641,71.0,5G,5G,-96.0,-3.0,20.0,12.0,-,53.0,35.0,58.0,58.0,D,PERIODIC,-57.0,-6.0,15.0,5Mnsq15
"
2022.09.15_13.18.39",7.210436,43.666387,71.0,5G,5G,-96.0,-3.0,20.0,12.0,-,53.0,35.0,58.0,58.0,D,,-57.0,-6.0,15.0,5Mnsq15
"
2022.09.15_13.18.40",7.210436,43.666387,72.0,5G,5G,-101.0,-3.0,18.0,6.0,-,47612.0,319.0,58.0,58.0,D,HANDOVER_DATA_5G5G,-65.0,-12.0,-7.0,5Mnsq15
"
2022.09.15_13.18.41",7.210436,43.666387,72.0,5G,5G,-101.0,-3.0,18.0,6.0,-,37528.0,233.0,58.0,58.0,D,PERIODIC,-65.0,-12.0,-7.0,5Mnsq15
"
2022.09.15_13.18.41",7.210311,43.666368,72.0,5G,5G,-101.0,-3.0,18.0,6.0,-,37528.0,233.0,58.0,58.0,D,,-65.0,-12.0,-7.0,5Mnsq15
"
2022.09.15_13.18.42",7.210311,43.666368,72.0,5G,5G,-101.0,-3.0,18.0,6.0,-,7.0,10.0,58.0,58.0,D,PERIODIC,-65.0,-12.0,-7.0,5Mnsq15
"
2022.09.15_13.18.43",7.210311,43.666368,72.0,5G,5G,-107.0,-3.0,11.0,8.0,-,13.0,18.0,58.0,58.0,D,PERIODIC,-71.0,-16.0,-6.0,5Mnsq15
"
2022.09.15_13.18.43",7.210172999999999,43.666352,72.0,5G,5G,-109.0,-3.0,9.0,8.0,-,13.0,18.0,58.0,58.0,D,,-71.0,-16.0,-6.0,5Mnsq15
"
2022.09.15_13.18.44",7.210172999999999,43.666352,72.0,5G,5G,-109.0,-3.0,9.0,8.0,-,8.0,10.0,58.0,58.0,D,PERIODIC,-71.0,-16.0,-6.0,5Mnsq15
"
2022.09.15_13.18.45",7.210172999999999,43.666352,72.0,5G,5G,-114.0,-5.0,4.0,14.0,-,37777.0,253.0,58.0,58.0,D,PERIODIC,-63.0,-12.0,10.0,5Mnsq15
"
2022.09.15_13.18.45",7.209989,43.666329,72.0,5G,5G,-114.0,-8.0,1.0,14.0,-,37777.0,253.0,58.0,58.0,D,,-63.0,-12.0,10.0,5Mnsq15
"
2022.09.15_13.18.46",7.209989,43.666329,72.0,5G,5G,-114.0,-8.0,1.0,14.0,-,10245.0,60.0,58.0,58.0,D,PERIODIC,-63.0,-12.0,10.0,5Mnsq15
"
2022.09.15_13.18.47",7.209989,43.666329,72.0,5G,5G,-113.0,-3.0,2.0,10.0,-,11.0,28.0,58.0,58.0,D,PERIODIC,-62.0,-14.0,2.0,5Mnsq15
"
2022.09.15_13.18.47",7.209764999999999,43.6663,72.0,5G,5G,-112.0,-5.0,0.0,10.0,-,11.0,28.0,58.0,58.0,D,,-62.0,-14.0,2.0,5Mnsq15
"
2022.09.15_13.18.48",7.209764999999999,43.6663,72.0,5G,5G,-112.0,-5.0,0.0,10.0,-,336.0,12.0,58.0,58.0,D,PERIODIC,-62.0,-14.0,2.0,5Mnsq15
"
2022.09.15_13.18.48",7.209639999999999,43.666284000000005,72.0,5G,5G,-112.0,-5.0,0.0,10.0,-,336.0,12.0,58.0,58.0,D,,-62.0,-14.0,2.0,5Mnsq15
"
2022.09.15_13.18.49",7.209639999999999,43.666284000000005,72.0,5G,5G,-112.0,-5.0,0.0,8.0,-,8.0,12.0,58.0,58.0,D,PERIODIC,-60.0,-12.0,5.0,5Mnsq15
"
2022.09.15_13.18.50",7.209639999999999,43.666284000000005,72.0,5G,5G,-112.0,-5.0,0.0,8.0,-,8.0,10.0,58.0,58.0,D,PERIODIC,-60.0,-12.0,5.0,5Mnsq15
"
2022.09.15_13.18.50",7.209386,43.666253000000005,72.0,5G,5G,-107.0,-4.0,2.0,8.0,-,8.0,10.0,59.0,59.0,D,,-60.0,-12.0,5.0,5Mnsq15
"
2022.09.15_13.18.51",7.209386,43.666253000000005,72.0,5G,5G,-107.0,-4.0,2.0,15.0,-,36530.0,245.0,59.0,59.0,D,PERIODIC,-48.0,-12.0,13.0,5Mnsq15
"
2022.09.15_13.18.51",7.209242,43.666235,72.0,5G,5G,-107.0,-4.0,2.0,15.0,-,36530.0,245.0,59.0,59.0,D,,-48.0,-12.0,13.0,5Mnsq15
"
2022.09.15_13.18.52",7.209242,43.666235,72.0,5G,5G,-107.0,-4.0,2.0,15.0,-,7.0,11.0,59.0,59.0,D,PERIODIC,-48.0,-12.0,13.0,5Mnsq15
"
2022.09.15_13.18.52",7.209086,43.666216,72.0,4G,LTE,-48.0,-12.0,13.0,15.0,-51,7.0,11.0,59.0,59.0,D,,-48.0,-12.0,13.0,5Mnsq15
"
2022.09.15_13.18.53",7.209086,43.666216,72.0,4G,LTE,-46.0,-11.0,12.0,11.0,-51,7.0,11.0,59.0,59.0,D,PERIODIC,,,,5Mnsq15
"
2022.09.15_13.18.53",7.209086,43.666216,72.0,4G,LTE,-46.0,-11.0,12.0,11.0,-51,7.0,11.0,59.0,59.0,D,,,,,5Mnsq15
"
2022.09.15_13.18.53",7.2089229999999995,43.666195,72.0,4G,LTE,-46.0,-11.0,12.0,11.0,-51,7.0,11.0,59.0,59.0,D,,,,,5Mnsq15
"
2022.09.15_13.18.54",7.2089229999999995,43.666195,72.0,4G,LTE,-46.0,-11.0,12.0,11.0,-51,9.0,13.0,59.0,59.0,D,PERIODIC,,,,5Mnsq15
"
2022.09.15_13.18.54",7.208757,43.666175,72.0,4G,LTE,-46.0,-11.0,12.0,11.0,-51,9.0,13.0,59.0,59.0,D,,,,,5Mnsq15
"
2022.09.15_13.18.55",7.208757,43.666175,72.0,5G,5G,-102.0,-3.0,10.0,11.0,-,8.0,11.0,59.0,59.0,D,PERIODIC,-46.0,-11.0,12.0,5Mnsq15
"
2022.09.15_13.18.55",7.208757,43.666175,72.0,5G,5G,-102.0,-3.0,10.0,11.0,-,8.0,11.0,59.0,59.0,D,,-46.0,-11.0,12.0,5Mnsq15
"
2022.09.15_13.18.55",7.208597,43.666152000000004,72.0,5G,5G,-102.0,-3.0,10.0,11.0,-,8.0,11.0,59.0,59.0,D,,-46.0,-11.0,12.0,5Mnsq15
"
2022.09.15_13.18.56",7.208597,43.666152000000004,72.0,5G,5G,-102.0,-3.0,10.0,11.0,-,11.0,13.0,59.0,59.0,D,PERIODIC,-46.0,-11.0,12.0,5Mnsq15
"
2022.09.15_13.18.56",7.2084399999999995,43.666131,72.0,5G,5G,-102.0,-3.0,10.0,11.0,-,11.0,13.0,58.0,58.0,D,,-46.0,-11.0,12.0,5Mnsq15
"
2022.09.15_13.18.57",7.2084399999999995,43.666131,72.0,5G,5G,-99.0,-3.0,10.0,9.0,-,7.0,10.0,58.0,58.0,D,PERIODIC,-56.0,-12.0,8.0,5Mnsq15
"
2022.09.15_13.18.57",7.208284,43.666112,72.0,5G,5G,-99.0,-3.0,10.0,9.0,-,7.0,10.0,59.0,59.0,D,,-56.0,-12.0,8.0,5Mnsq15
"
2022.09.15_13.18.58",7.208284,43.666112,72.0,5G,5G,-99.0,-3.0,10.0,9.0,-,68.0,71.0,59.0,59.0,D,PERIODIC,-56.0,-12.0,8.0,5Mnsq15
"
2022.09.15_13.18.58",7.208119,43.666090999999994,72.0,5G,5G,-99.0,-3.0,10.0,9.0,-,68.0,71.0,58.0,58.0,D,,-56.0,-12.0,8.0,5Mnsq15
"
2022.09.15_13.18.59",7.208119,43.666090999999994,72.0,5G,5G,-99.0,-3.0,10.0,10.0,-,7.0,11.0,58.0,58.0,D,PERIODIC,-62.0,-13.0,9.0,5Mnsq15
"
2022.09.15_13.18.59",7.207952000000001,43.666068,72.0,5G,5G,-99.0,-3.0,10.0,10.0,-,7.0,11.0,59.0,59.0,D,,-62.0,-13.0,9.0,5Mnsq15
"
2022.09.15_13.19.00",7.207952000000001,43.666068,72.0,5G,5G,-98.0,-3.0,11.0,10.0,-,8.0,12.0,59.0,59.0,D,PERIODIC,-62.0,-13.0,9.0,5Mnsq15
"
2022.09.15_13.19.00",7.207782000000001,43.666044,72.0,5G,5G,-98.0,-3.0,11.0,10.0,-,8.0,12.0,59.0,59.0,D,,-62.0,-13.0,9.0,5Mnsq15
"
2022.09.15_13.19.01",7.207782000000001,43.666044,72.0,5G,5G,-94.0,-9.0,17.0,12.0,-,7.0,10.0,59.0,59.0,D,PERIODIC,-67.0,-13.0,3.0,5Mnsq15
"
2022.09.15_13.19.01",7.207613,43.666025,72.0,5G,5G,-94.0,-9.0,17.0,12.0,-,7.0,10.0,59.0,59.0,D,,-67.0,-13.0,3.0,5Mnsq15
"
2022.09.15_13.19.02",7.207613,43.666025,72.0,5G,5G,-94.0,-9.0,17.0,12.0,-,7.0,10.0,59.0,59.0,D,PERIODIC,-67.0,-13.0,3.0,5Mnsq15
"
2022.09.15_13.19.02",7.207446000000001,43.666007,72.0,5G,5G,-90.0,-3.0,17.0,12.0,-,7.0,10.0,59.0,59.0,D,,-67.0,-13.0,3.0,5Mnsq15
"
2022.09.15_13.19.03",7.207446000000001,43.666007,72.0,5G,5G,-90.0,-3.0,17.0,8.0,-,7.0,10.0,59.0,59.0,D,PERIODIC,-70.0,-12.0,6.0,5Mnsq15
"
2022.09.15_13.19.03",7.207281,43.665991,72.0,5G,5G,-90.0,-3.0,17.0,8.0,-,7.0,10.0,59.0,59.0,D,,-70.0,-12.0,6.0,5Mnsq15
"
2022.09.15_13.19.04",7.207281,43.665991,72.0,5G,5G,-90.0,-3.0,17.0,8.0,-,20.0,42.0,59.0,59.0,D,PERIODIC,-70.0,-12.0,6.0,5Mnsq15
"
2022.09.15_13.19.04",7.207121000000001,43.665977000000005,72.0,5G,5G,-92.0,-3.0,12.0,8.0,-,20.0,42.0,59.0,59.0,D,,-70.0,-12.0,6.0,5Mnsq15
"
2022.09.15_13.19.05",7.207121000000001,43.665977000000005,72.0,5G,5G,-92.0,-3.0,12.0,12.0,-,9.0,12.0,59.0,59.0,D,PERIODIC,-64.0,-13.0,7.0,5Mnsq15
"
2022.09.15_13.19.05",7.206967999999999,43.665963,72.0,5G,5G,-91.0,-3.0,10.0,12.0,-,9.0,12.0,59.0,59.0,D,,-64.0,-13.0,7.0,5Mnsq15
"
2022.09.15_13.19.06",7.206967999999999,43.665963,72.0,5G,5G,-91.0,-3.0,10.0,12.0,-,7.0,10.0,59.0,59.0,D,PERIODIC,-64.0,-13.0,7.0,5Mnsq15
"
2022.09.15_13.19.06",7.206815,43.665957,72.0,5G,5G,-91.0,-3.0,10.0,12.0,-,7.0,10.0,59.0,59.0,D,,-64.0,-13.0,7.0,5Mnsq15
"
2022.09.15_13.19.07",7.206815,43.665957,72.0,5G,5G,-91.0,-3.0,10.0,7.0,-,7.0,10.0,59.0,59.0,D,PERIODIC,-67.0,-14.0,8.0,5Mnsq15
"
2022.09.15_13.19.07",7.206672,43.665946999999996,72.0,5G,5G,-91.0,-3.0,10.0,7.0,-,7.0,10.0,59.0,59.0,D,,-67.0,-14.0,8.0,5Mnsq15
"
2022.09.15_13.19.08",7.206672,43.665946999999996,72.0,5G,5G,-97.0,-3.0,8.0,7.0,-,7.0,10.0,59.0,59.0,D,PERIODIC,-67.0,-14.0,8.0,5Mnsq15
"
2022.09.15_13.19.08",7.206539,43.665933,72.0,5G,5G,-97.0,-3.0,8.0,7.0,-,7.0,10.0,59.0,59.0,D,,-67.0,-14.0,8.0,5Mnsq15
"
2022.09.15_13.19.09",7.206539,43.665933,72.0,5G,5G,-90.0,-3.0,11.0,7.0,-,7.0,10.0,59.0,59.0,D,PERIODIC,-69.0,-14.0,4.0,5Mnsq15
"
2022.09.15_13.19.10",7.206539,43.665933,72.0,5G,5G,-91.0,-3.0,12.0,7.0,-,3071.0,186.0,59.0,59.0,D,PERIODIC,-69.0,-14.0,4.0,5Mnsq15
"
2022.09.15_13.19.10",7.2062919999999995,43.665909,72.0,5G,5G,-91.0,-3.0,12.0,7.0,-,3071.0,186.0,59.0,59.0,D,,-69.0,-14.0,4.0,5Mnsq15
"
2022.09.15_13.19.11",7.2062919999999995,43.665909,72.0,5G,5G,-91.0,-3.0,12.0,10.0,-,7.0,10.0,59.0,59.0,D,PERIODIC,-76.0,-16.0,-2.0,5Mnsq15
"
2022.09.15_13.19.12",7.2062919999999995,43.665909,72.0,5G,5G,-91.0,-3.0,12.0,10.0,-,7.0,16.0,59.0,59.0,D,PERIODIC,-76.0,-16.0,-2.0,5Mnsq15
"
2022.09.15_13.19.12",7.2060509999999995,43.665915999999996,72.0,5G,5G,-90.0,-3.0,16.0,10.0,-,7.0,16.0,59.0,59.0,D,,-76.0,-16.0,-2.0,5Mnsq15
"
2022.09.15_13.19.13",7.2060509999999995,43.665915999999996,72.0,5G,5G,-90.0,-3.0,16.0,11.0,-,13.0,15.0,59.0,59.0,D,PERIODIC,-71.0,-14.0,2.0,5Mnsq15
"
2022.09.15_13.19.14",7.2060509999999995,43.665915999999996,72.0,5G,5G,-90.0,-3.0,16.0,11.0,-,7.0,10.0,59.0,59.0,D,PERIODIC,-71.0,-14.0,2.0,5Mnsq15
"
2022.09.15_13.19.14",7.205827,43.665976,72.0,5G,5G,-100.0,-3.0,16.0,11.0,-,7.0,10.0,58.0,58.0,D,,-71.0,-14.0,2.0,5Mnsq15
"
2022.09.15_13.19.15",7.205827,43.665976,72.0,5G,5G,-100.0,-3.0,16.0,11.0,-,8.0,11.0,58.0,58.0,D,PERIODIC,-63.0,-12.0,10.0,5Mnsq15
"
2022.09.15_13.19.15",7.205728999999999,43.666037,72.0,5G,5G,-100.0,-3.0,16.0,11.0,-,8.0,11.0,58.0,58.0,D,,-63.0,-12.0,10.0,5Mnsq15
"
2022.09.15_13.19.16",7.205728999999999,43.666037,72.0,5G,5G,-100.0,-3.0,16.0,11.0,-,7.0,10.0,58.0,58.0,D,PERIODIC,-63.0,-12.0,10.0,5Mnsq15
"
2022.09.15_13.19.16",7.205635000000001,43.666108,72.0,5G,5G,-100.0,-3.0,16.0,11.0,-,7.0,10.0,58.0,58.0,D,,-63.0,-12.0,10.0,5Mnsq15
"
2022.09.15_13.19.17",7.205635000000001,43.666108,72.0,5G,5G,-107.0,-3.0,9.0,11.0,-,7.0,10.0,58.0,58.0,D,PERIODIC,-63.0,-12.0,10.0,5Mnsq15
"
2022.09.15_13.19.17",7.20555,43.666191,72.0,5G,5G,-107.0,-3.0,9.0,11.0,-,7.0,10.0,58.0,58.0,D,,-63.0,-12.0,10.0,5Mnsq15
"
2022.09.15_13.19.18",7.20555,43.666191,72.0,5G,5G,-107.0,-3.0,9.0,11.0,-,7.0,10.0,58.0,58.0,D,PERIODIC,-63.0,-12.0,10.0,5Mnsq15
"
2022.09.15_13.19.18",7.205485,43.666289,72.0,5G,5G,-107.0,-3.0,9.0,11.0,-,7.0,10.0,57.0,57.0,D,,-63.0,-12.0,10.0,5Mnsq15
"
2022.09.15_13.19.19",7.205485,43.666289,72.0,5G,5G,-110.0,-8.0,5.0,11.0,-,7.0,10.0,57.0,57.0,D,PERIODIC,-71.0,-9.0,9.0,5Mnsq15
"
2022.09.15_13.19.19",7.205429,43.666394,72.0,5G,5G,-110.0,-8.0,5.0,11.0,-,7.0,10.0,57.0,57.0,D,,-71.0,-9.0,9.0,5Mnsq15
"
2022.09.15_13.19.20",7.205429,43.666394,72.0,5G,5G,-105.0,-3.0,10.0,11.0,-,18.0,75.0,57.0,57.0,D,PERIODIC,-71.0,-9.0,9.0,5Mnsq15
"
2022.09.15_13.19.20",7.20538,43.666503000000006,72.0,5G,5G,-105.0,-3.0,10.0,11.0,-,18.0,75.0,58.0,58.0,D,,-71.0,-9.0,9.0,5Mnsq15
"
2022.09.15_13.19.21",7.20538,43.666503000000006,71.0,5G,5G,-105.0,-3.0,10.0,6.0,-,8.0,11.0,58.0,58.0,D,HANDOVER_DATA_5G5G,-86.0,-16.0,-10.0,5Mnsq15
"
2022.09.15_13.19.21",7.205322,43.666609,71.0,5G,5G,-105.0,-3.0,10.0,6.0,-,8.0,11.0,57.0,57.0,D,,-86.0,-16.0,-10.0,5Mnsq15
"
2022.09.15_13.19.22",7.205322,43.666609,71.0,5G,5G,-91.0,-3.0,13.0,6.0,-,131.0,85.0,57.0,57.0,D,PERIODIC,-86.0,-16.0,-10.0,5Mnsq15
"
2022.09.15_13.19.22",7.2052570000000005,43.666714,71.0,5G,5G,-91.0,-3.0,13.0,6.0,-,131.0,85.0,57.0,57.0,D,,-86.0,-16.0,-10.0,5Mnsq15
"
2022.09.15_13.19.23",7.2052570000000005,43.666714,71.0,5G,5G,-91.0,-3.0,13.0,5.0,-,7.0,10.0,57.0,57.0,D,PERIODIC,-76.0,-15.0,3.0,5Mnsq15
"
2022.09.15_13.19.23",7.205188000000001,43.666835999999996,71.0,5G,5G,-91.0,-3.0,13.0,5.0,-,7.0,10.0,57.0,57.0,D,,-76.0,-15.0,3.0,5Mnsq15
"
2022.09.15_13.19.24",7.205122,43.666962,71.0,5G,5G,-91.0,-3.0,13.0,5.0,-,8.0,10.0,57.0,57.0,D,,-76.0,-15.0,3.0,5Mnsq15
"
2022.09.15_13.19.24",7.205122,43.666962,71.0,5G,5G,-91.0,-3.0,13.0,5.0,-,8.0,10.0,57.0,57.0,D,PERIODIC,-76.0,-15.0,3.0,5Mnsq15
"
2022.09.15_13.19.25",7.2050529999999995,43.667083,71.0,5G,5G,-88.0,-3.0,13.0,5.0,-,5.0,10.0,56.0,56.0,D,,-76.0,-15.0,3.0,5Mnsq15
"
2022.09.15_13.19.25",7.2050529999999995,43.667083,72.0,5G,5G,-88.0,-3.0,13.0,6.0,-,5.0,10.0,56.0,56.0,D,HANDOVER_DATA_5G5G,-68.0,-12.0,-6.0,5Mnsq15
"
2022.09.15_13.19.26",7.20498,43.667204,72.0,5G,5G,-88.0,-3.0,13.0,6.0,-,9.0,11.0,57.0,57.0,D,,-68.0,-12.0,-6.0,5Mnsq15
"
2022.09.15_13.19.26",7.20498,43.667204,72.0,5G,5G,-88.0,-3.0,13.0,6.0,-,9.0,11.0,57.0,57.0,D,PERIODIC,-68.0,-12.0,-6.0,5Mnsq15
"
2022.09.15_13.19.27",7.204911999999999,43.667322,72.0,5G,5G,-91.0,-3.0,12.0,6.0,-,1.0,10.0,57.0,57.0,D,,-68.0,-12.0,-6.0,5Mnsq15
"
2022.09.15_13.19.27",7.204911999999999,43.667322,72.0,5G,5G,-91.0,-3.0,12.0,6.0,-,1.0,10.0,57.0,57.0,D,PERIODIC,-68.0,-12.0,2.0,5Mnsq15
"
2022.09.15_13.19.28",7.204911999999999,43.667322,72.0,5G,5G,-96.0,-3.0,12.0,6.0,-,100.0,74.0,57.0,57.0,D,PERIODIC,-68.0,-12.0,2.0,5Mnsq15
"
2022.09.15_13.19.28",7.204842999999999,43.667445,72.0,5G,5G,-96.0,-3.0,12.0,6.0,-,100.0,74.0,57.0,57.0,D,,-68.0,-12.0,2.0,5Mnsq15
"
2022.09.15_13.19.29",7.2047740000000005,43.667567,72.0,5G,5G,-94.0,-3.0,12.0,6.0,-,7.0,10.0,57.0,57.0,D,,-68.0,-12.0,2.0,5Mnsq15
"
2022.09.15_13.19.29",7.2047740000000005,43.667567,72.0,5G,5G,-94.0,-3.0,12.0,4.0,-,7.0,10.0,57.0,57.0,D,PERIODIC,-88.0,-21.0,-11.0,5Mnsq15
"
2022.09.15_13.19.30",7.2047740000000005,43.667567,71.0,5G,5G,-94.0,-3.0,12.0,6.0,-,30.0,90.0,57.0,57.0,D,HANDOVER_DATA_5G5G,-82.0,-16.0,-9.0,5Mnsq15
"
2022.09.15_13.19.30",7.204707000000001,43.667687,71.0,5G,5G,-94.0,-3.0,12.0,6.0,-,30.0,90.0,57.0,57.0,D,,-82.0,-16.0,-9.0,5Mnsq15
"
2022.09.15_13.19.31",7.204644,43.667807,71.0,5G,5G,-95.0,-3.0,9.0,6.0,-,289.0,78.0,57.0,57.0,D,,-82.0,-16.0,-9.0,5Mnsq15
"
2022.09.15_13.19.31",7.204644,43.667807,71.0,5G,5G,-95.0,-3.0,9.0,6.0,-,289.0,78.0,57.0,57.0,D,PERIODIC,-82.0,-16.0,-2.0,5Mnsq15
"
2022.09.15_13.19.32",7.2045770000000005,43.667922999999995,71.0,5G,5G,-91.0,-3.0,13.0,6.0,-,0.0,1.0,57.0,57.0,D,,-82.0,-16.0,-2.0,5Mnsq15
"
2022.09.15_13.19.32",7.2045770000000005,43.667922999999995,71.0,5G,5G,-91.0,-3.0,13.0,6.0,-,0.0,1.0,57.0,57.0,D,PERIODIC,-82.0,-16.0,-2.0,5Mnsq15
"
2022.09.15_13.19.33",7.204510000000001,43.668040999999995,71.0,5G,5G,-91.0,-3.0,13.0,6.0,-,0.0,0.0,57.0,57.0,I,,-82.0,-16.0,-2.0,5Mnsq15
"
2022.09.15_13.19.33",7.204510000000001,43.668040999999995,71.0,5G,5G,-91.0,-3.0,13.0,7.0,-,0.0,0.0,57.0,57.0,I,PERIODIC,-85.0,-16.0,-1.0,5Mnsq15
"
2022.09.15_13.19.34",7.204442,43.668159,71.0,5G,5G,-91.0,-3.0,13.0,7.0,-,0.0,0.0,57.0,57.0,I,,-85.0,-16.0,-1.0,5Mnsq15
"
2022.09.15_13.19.34",7.204442,43.668159,72.0,5G,5G,-91.0,-3.0,13.0,5.0,-,0.0,0.0,57.0,57.0,I,HANDOVER_DATA_5G5G,-82.0,-14.0,-3.0,5Mnsq15
"
2022.09.15_13.19.35",7.2043740000000005,43.668277,72.0,5G,5G,-100.0,-3.0,7.0,5.0,-,0.0,0.0,57.0,57.0,I,,-82.0,-14.0,-3.0,5Mnsq15
"
2022.09.15_13.19.35",7.2043740000000005,43.668277,72.0,5G,5G,-100.0,-3.0,7.0,6.0,-,0.0,0.0,57.0,57.0,I,PERIODIC,-82.0,-14.0,-5.0,5Mnsq15
"
2022.09.15_13.19.36",7.2043740000000005,43.668277,72.0,5G,5G,-84.0,-3.0,16.0,6.0,-,0.0,0.0,57.0,57.0,I,HANDOVER_DATA_5G5G,-81.0,-15.0,-14.0,5Mnsq15
"
2022.09.15_13.19.36",7.204306,43.668394,72.0,5G,5G,-84.0,-3.0,16.0,6.0,-,0.0,0.0,57.0,57.0,I,,-81.0,-15.0,-14.0,5Mnsq15
"
2022.09.15_13.19.36",7.204306,43.668394,72.0,5G,5G,-84.0,-3.0,16.0,6.0,-,0.0,0.0,57.0,57.0,I,LOG_END,-81.0,-15.0,-14.0,5Mnsq15
"
",,,,,,,,,,,,,,,,,,,,5Mnsq15
